#,ID_Year_Color,Movie_ID,Title,Year,IMDB score,Tomatometer,Popcornmeter,Director,Director Score,Budget,Gross Worldwide,Sentiment Analysis Score,Ticket Profit,Budget_num,Gross_num,Profit_num,Profit_Loss
1,1_1_O,godfather_1,The Godfather,1972,9.2,97,98,Francis Ford Coppola,6.26,"$6,000,000","$250,595,410",55.88,"$119,297,705",6000000,250595410,119297705,Profit
2,1_2_O,godfather_2,The Godfather Part II,1974,9,96,97,Francis Ford Coppola,6.26,"$13,000,000","$48,105,107",58.11,"$11,052,554",13000000,48105107,11052554,Profit
3,1_3_O,godfather_3,The Godfather Part III,1990,7.6,66,68,Francis Ford Coppola,6.26,"$54,000,000","$136,861,392",44.54,"$14,430,696",54000000,136861392,14430696,Profit
4,2_1_O,diehard_1,Die Hard,1988,8.2,94,94,John McTiernan,6.54,"$28,000,000","$143,651,650",41.86,"$43,825,825",28000000,143651650,43825825,Profit
5,2_2_O,diehard_2,Die Hard 2,1990,7.2,69,70,Renny Harlin,5.41,"$70,000,000","$240,031,274",61.09,"$50,015,637",70000000,240031274,50015637,Profit
6,2_3_O,diehard_3,Die Hard with a Vengeance,1995,7.6,60,83,John McTiernan,6.54,"$90,000,000","$366,101,666",59.39,"$93,050,833",90000000,366101666,93050833,Profit
7,2_4_O,diehard_4,Live Free or Die Hard,2007,7.1,82,86,Len Wiseman,6.8,"$110,000,000","$388,156,011",64.29,"$84,078,006",110000000,388156011,84078006,Profit
8,2_5_O,diehard_5,A Good Day to Die Hard,2013,5.2,15,40,John Moore,5.67,"$92,000,000","$304,654,182",46.84,"$60,327,091",92000000,304654182,60327091,Profit
9,3_1_O,airplane_1,The airplane,1980,7.7,97,89,Jim Abrahams,6.63,"$3,500,000","$83,455,874",56.61,"$38,227,937",3500000,83455874,38227937,Profit
10,3_2_O,airplane_2,The airplane II,1988,6.2,42,50,Ken Finkleman,5.87,"$15,000,000","$27,150,534",25.16,"-$1,424,733",15000000,27150534,-1424733,Loss
11,4_1_O,caddyshack_1,Caddyshack,1980,7.2,73,87,Harold Ramis,6.25,"$6,000,000","$39,918,650",58.36,"$13,959,325",6000000,39918650,13959325,Profit
12,4_2_O,caddyshack_2,Caddyshack II,1988,3.8,4,18,Allan Arkush,5.18,"$20,000,000","$11,798,302",44.63,"-$14,100,849",20000000,11798302,-14100849,Loss
13,5_1_O,backtothefuture_1,Back to the Future,1985,8.5,93,95,Robert Zemeckis,6.99,"$19,000,000","$385,053,307",64.22,"$173,526,654",19000000,385053307,173526654,Profit
14,5_2_O,backtothefuture_2,Back to the Future Part II,1989,7.8,63,86,Robert Zemeckis,6.99,"$40,000,000","$332,861,197",55.92,"$126,430,599",40000000,332861197,126430599,Profit
15,5_3_O,backtothefuture_3,Back to the Future Part III,1990,7.5,79,78,Robert Zemeckis,6.99,"$40,000,000","$245,077,583",45.43,"$82,538,792",40000000,245077583,82538792,Profit
16,6_1_O,starwars_1,Star Wars,1977,8.6,94,96,George Lucas,7.22,"$11,000,000","$775,398,507",50.31,"$376,699,254",11000000,775398507,376699254,Profit
17,6_2_O,starwars_2,The Empire Strikes Back,1980,8.7,93,97,Irvin Kershner,7.2,"$18,000,000","$550,016,086",39.34,"$257,008,043",18000000,550016086,257008043,Profit
18,6_3_O,starwars_3,Return of the Jedi,1983,8.3,84,94,Richard Marquand,6.28,"$32,500,000","$482,466,382",51.56,"$208,733,191",32500000,482466382,208733191,Profit
19,6_4_O,starwars_4,Star Wars: Episode I – The Phantom Menace,1999,6.5,54,59,George Lucas,7.22,"$115,000,000","$1,046,515,409",45.11,"$408,257,705",115000000,1046515409,408257705,Profit
20,6_5_O,starwars_5,Star Wars: Episode II – Attack of the Clones,2002,6.6,62,56,George Lucas,7.22,"$115,000,000","$653,780,724",44.54,"$211,890,362",115000000,653780724,211890362,Profit
21,6_6_O,starwars_6,Star Wars: Episode III – Revenge of the Sith,2005,7.6,79,66,George Lucas,7.22,"$113,000,000","$905,595,947",38.64,"$339,797,974",113000000,905595947,339797974,Profit
22,6_7_O,starwars_7,Star Wars: The Force Awakens,2015,7.7,93,84,J.J. Abrams,7.27,"$245,000,000","$2,071,310,218",43.79,"$790,655,109",245000000,2071310218,790655109,Profit
23,6_8_O,starwars_8,Star Wars: The Last Jedi,2017,6.8,91,41,Rian Johnson,7.17,"$317,000,000","$1,334,407,706",50.87,"$350,203,853",317000000,1334407706,350203853,Profit
24,6_9_O,starwars_9,Star Wars: The Rise of Skywalker,2019,6.4,51,86,J.J. Abrams,7.27,"$275,000,000","$1,077,022,372",48.77,"$263,511,186",275000000,1077022372,263511186,Profit
25,7_1_O,alien_1,Alien,1979,8.5,93,94,Ridley Scott,6.97,"$11,000,000","$109,102,567",35,"$43,551,284",11000000,109102567,43551284,Profit
26,7_2_O,alien_2,Aliens,1986,8.4,94,94,James Cameron,7.28,"$18,500,000","$131,060,248",60.84,"$47,030,124",18500000,131060248,47030124,Profit
27,7_3_O,alien_3,Alien³,1992,6.4,44,46,David Fincher,8,"$50,000,000","$159,814,498",49.37,"$29,907,249",50000000,159814498,29907249,Profit
28,7_4_O,alien_4,Alien Resurrection,1997,6.2,55,39,Jean-Pierre Jeunet,7.08,"$75,000,000","$161,376,069",41.69,"$5,688,035",75000000,161376069,5688035,Profit
29,7_5_O,alien_5,Alien: Covenant,2017,6.4,65,55,Ridley Scott,6.97,"$97,000,000","$240,892,187",42.58,"$23,446,094",97000000,240892187,23446094,Profit
30,7_6_O,alien_6,Alien: Romulus,2024,7.1,80,85,Fede Álvarez,6.7,"$80,000,000","$350,865,342",34.83,"$95,432,671",80000000,350865342,95432671,Profit
31,8_1_O,wingsofdesire_1,Wings of Desire,1987,7.9,95,93,Wim Wenders,6.71,"2,800,000","$3,548,590",74.43,"-$1,025,705",2800000,3548590,-1025705,Loss
32,8_2_O,wingsofdesire_2,"Faraway, So Close!",1993,7.2,54,87,Win Wenders,6.71,"$10,500,000","$810,455",54.06,"-$10,094,773",10500000,810455,-10094773,Loss
33,9_1_O,lethalweapon_1,Lethal Weapon,1987,7.6,81,86,Richard Donner,6.66,"$15,000,000","$120,207,127",67.15,"$45,103,564",15000000,120207127,45103564,Profit
34,9_2_O,lethalweapon_2,Lethal Weapon 2,1989,7.3,82,78,Richard Donner,6.66,"$28,000,000","$227,853,986",52.99,"$85,926,993",28000000,227853986,85926993,Profit
35,9_3_O,lethalweapon_3,Lethal Weapon 3,1992,6.7,60,61,Richard Donner,6.66,"$35,000,000","$321,731,527",55.79,"$125,865,764",35000000,321731527,125865764,Profit
36,9_4_O,lethalweapon_4,Lethal Weapon 4,1998,6.6,53,64,Richard Donner,6.66,"$140,000,000","$285,444,603",49.7,"$2,722,302",140000000,285444603,2722302,Profit
37,10_1_O,madmax_1,Mad Max,1979,6.8,89,70,George Miller,6.78,"$300,000","$8,774,013",51.25,"$4,087,007",300000,8774013,4087007,Profit
38,10_2_O,madmax_2,Mad Max 2,1981,7.6,93,86,George Miller,6.78,"$3,000,000","$23,672,083",69.55,"$8,836,042",3000000,23672083,8836042,Profit
39,10_3_O,madmax_3,Mad Max Beyond Thunderdome,1985,6.2,81,46,George Miller,6.78,"$10,000,000","$36,231,434",64.22,"$8,115,717",10000000,36231434,8115717,Profit
40,11_1_O,rocky_1,Rocky,1976,8.1,93,69,John G. Avildsen,5.77,"$960,000","$117,253,345",45.6,"$57,666,673",960000,117253345,57666673,Profit
41,11_2_O,rocky_2,Rocky II,1979,7.3,70,82,Sylvester Stallone,6.51,"$7,000,000","$85,187,855",59.53,"$35,593,928",7000000,85187855,35593928,Profit
42,11_3_O,rocky_3,Rocky III,1982,6.9,65,74,Sylvester Stallone,6.51,"$17,000,000","$125,052,898",59.18,"$45,526,449",17000000,125052898,45526449,Profit
43,11_4_O,rocky_4,Rocky IV,1985,6.9,39,80,Sylvester Stallone,6.51,"$30,000,000","$300,473,716",62.58,"$120,236,858",30000000,300473716,120236858,Profit
44,11_5_O,rocky_5,Rocky V,1990,5.4,32,31,John G. Avildsen,5.77,"$42,000,000","$119,946,358",49.41,"$17,973,179",42000000,119946358,17973179,Profit
45,11_6_O,rocky_6,Rocky Balboa,2006,7.1,78,76,Sylvester Stallone,6.51,"$24,000,000","$155,929,020",67.22,"$53,964,510",24000000,155929020,53964510,Profit
46,12_1_O,rambo_1,Rambo: First Blood Part II,1985,6.5,33,60,George P. Cosmatos,6.03,"$25,500,000","$300,400,432",59.38,"$124,700,216",25500000,300400432,124700216,Profit
47,12_2_O,rambo_2,Rambo III,1988,5.8,41,45,Peter MacDonald,5,"$63,000,000","$189,015,611",45.33,"$31,507,806",63000000,189015611,31507806,Profit
48,12_3_O,rambo_3,Rambo,2008,7,38,69,Sylvester Stallone,6.51,"$50,000,000","$113,244,290",60.91,"$6,622,145",50000000,113244290,6622145,Profit
49,13_1_O,tron_1,TRON,1982,6.7,60,69,Steven Lisberger,5.73,"$17,000,000","$33,002,371",63.72,"-$498,815",17000000,33002371,-498815,Loss
50,13_2_O,tron_2,TRON: Legacy,2010,6.8,51,64,Joseph Kosinski,7.13,"$170,000,000","$400,070,675",40.52,"$30,035,338",170000000,400070675,30035338,Profit
51,14_1_O,topgun_1,Top gun,1986,7,59,83,Tony Scott,6.78,"$15,000,000","$357,288,178",74.51,"$163,644,089",15000000,357288178,163644089,Profit
52,14_2_O,topgun_2,Top Gun: Maverick,2022,8.2,96,99,Joseph Kosinski,7.13,"$170,000,000","$1,495,696,292",68.58,"$577,848,146",170000000,1495696292,577848146,Profit
53,15_1_O,honeyishrunkthekids_1,"Honey, I Shrunk the Kids",1989,6.4,76,54,Joe Johnston,6.45,"$18,000,000","$222,724,172",60.14,"$93,362,086",18000000,222724172,93362086,Profit
54,15_2_O,honeyishrunkthekids_2,"Honey, I Blew Up the Kid",1992,4.9,38,24,Randal Kleiser,5.78,"$32,000,000","$58,662,452",43.7,"-$2,668,774",32000000,58662452,-2668774,Loss
55,16_1_O,conan_1,Conan the Barbarian,1982,6.9,67,74,John Milius,6.57,"$20,000,000","$68,851,475",45.99,"$14,425,738",20000000,68851475,14425738,Profit
56,16_2_O,conan_2,Conan the Destroyer,1984,5.9,29,84,Richard Fleischer,6.32,"$18,000,000","$31,042,035",47.44,"-$2,478,983",18000000,31042035,-2478983,Loss
57,17_1_O,gremlins_1,Gremlins,1984,7.3,87,78,Joe Dante,6.32,"$11,000,000","$165,435,874",57.56,"$71,717,937",11000000,165435874,71717937,Profit
58,17_2_O,gremlins_2,Gremlins 2: The New Batch,1990,6.5,72,59,Joe Dante,6.32,"$50,000,000","$41,483,050",54.3,"-$29,258,475",50000000,41483050,-29258475,Loss
59,18_1_O,romancingthestone_1,Romancing the Stone,1984,6.9,85,70,Robert Zemeckis,6.99,"$10,000,000","$86,572,238",60.47,"$33,286,119",10000000,86572238,33286119,Profit
60,18_2_O,romancingthestone_2,The Jewel of the Nile,1985,6.1,48,37,Lewis Teague,5.8,"$86,572,238","$96,773,200",62.22,"-$38,185,638",86572238,96773200,-38185638,Loss
61,19_1_O,crocodiledundee_1,Crocodile Dundee,1986,6.6,89,60,Peter Faiman,6.55,"$8,800,000","$328,203,506",58.95,"$155,301,753",8800000,328203506,155301753,Profit
62,19_2_O,crocodiledundee_2,Crocodile Dundee II,1988,5.7,9,38,John Cornell,5.65,"$14,000,000","$239,606,210",47.44,"$105,803,105",14000000,239606210,105803105,Profit
63,19_3_O,crocodiledundee_3,Crocodile Dundee in Los Angeles,2001,4.8,11,25,Simon Wincer,5.93,"$21,150,000","$39,438,674",58.95,"-$1,430,663",21150000,39438674,-1430663,Loss
64,20_1_O,shortcircuit_1,Short Circuit,1986,6.6,62,67,John Badham,6.44,"$15,000,000","$40,698,303",64.63,"$5,349,152",15000000,40698303,5349152,Profit
65,20_2_O,shortcircuit_2,Short Circuit 2,1988,5.8,43,54,Kenneth Johnson,4.4,"$15,000,000","$21,630,088",100,"-$4,184,956",15000000,21630088,-4184956,Loss
66,21_1_O,karatekid_1,The Karate Kid,1984,7.3,81,83,John G. Avildsen,5.77,"$8,000,000","$91,138,075",67.11,"$37,569,038",8000000,91138075,37569038,Profit
67,21_2_O,karatekid_2,The Karate Kid Part II,1986,6.2,49,52,John G. Avildsen,5.77,"$12,500,000","$115,103,979",48.8,"$45,051,990",12500000,115103979,45051990,Profit
68,21_3_O,karatekid_3,The Karate Kid Part III,1989,5.4,18,35,John G. Avildsen,5.77,"$12,500,000","$38,956,288",49.9,"$6,978,144",12500000,38956288,6978144,Profit
69,21_4_O,karatekid_4,The Next Karate Kid,1994,4.6,20,24,Christopher Cain,5.8,"$12,000,000","$12,000,000",41.85,"-$6,000,000",12000000,12000000,-6000000,Loss
70,22_1_O,robocop_1,RoboCop,1987,7.6,50,49,Paul Verhoeven,6.82,"$13,000,000","$53,432,134",61.79,"$13,716,067",13000000,53432134,13716067,Profit
71,22_2_O,robocop_2,RoboCop 2,1990,5.8,29,37,Irvin Kershner,7.2,"$25,000,000","$45,682,484",45.98,"-$2,158,758",25000000,45682484,-2158758,Loss
72,22_3_O,robocop_3,RoboCop 3,1993,4.2,9,15,Fred Dekker,5.93,"$22,000,000","$10,696,210",41.14,"-$16,651,895",22000000,10696210,-16651895,Loss
73,23_1_O,thefly_1,The Fly,1986,7.6,94,83,David Cronenberg,6.44,"$15,000,000","$60,629,159",64.21,"$15,314,580",15000000,60629159,15314580,Profit
74,23_2_O,thefly_2,The Fly II,1989,5.2,32,24,Chris Walas,5.5,"$20,021,322","$38,903,179",39.62,"-$569,733",20021322,38903179,-569733,Loss
75,24_1_O,48hrs_1,48 Hrs.,1982,6.9,92,69,Walter Hill,6.35,"$12,000,000","$78,868,669",58.14,"$27,434,335",12000000,78868669,27434335,Profit
76,24_2_O,48hrs_2,Another 48 Hrs.,1990,5.9,19,35,Walter Hill,6.35,"$45,000,000","$153,518,974",43.8,"$31,759,487",45000000,153518974,31759487,Profit
77,25_1_O,americanwerewolf_1,An American Werewolf in London,1981,7.5,89,85,John Landis,6.31,"$10,000,000","$30,836,042",49.55,"$5,418,021",10000000,30836042,5418021,Profit
78,25_2_O,americanwerewolf_2,An American Werewolf in Paris,1997,5.1,7,30,Anthony Waller,5.7,"$25,000,000","$26,570,463",38.14,"-$11,714,769",25000000,26570463,-11714769,Loss
79,26_1_O,poltergeist_1,Poltergeist,1982,7.3,88,79,Tobe Hooper,5.41,"$10,700,000","$77,233,286",47.83,"$27,916,643",10700000,77233286,27916643,Profit
80,26_2_O,poltergeist_2,Poltergeist II: The Other Side,1986,5.7,20,35,Brian Gibson,6.52,"$19,000,000","$40,998,097",50.06,"$1,499,049",19000000,40998097,1499049,Profit
81,26_3_O,poltergeist_3,Poltergeist III,1988,4.7,15,22,Gary Sherman,5.9,"$10,500,000","$14,114,488",42.88,"-$3,442,756",10500000,14114488,-3442756,Loss
82,27_1_O,neverendingstory_1,The NeverEnding Story,1984,7.3,84,81,Wolfgang Petersen,6.74,"$27,000,000","$20,292,317",46.72,"-$16,853,842",27000000,20292317,-16853842,Loss
83,27_2_O,neverendingstory_2,The NeverEnding Story II: The Next Chapter,1990,5.1,14,40,George Miller,6.78,"$36,000,000","$17,373,527",38.59,"-$27,313,237",36000000,17373527,-27313237,Loss
84,27_3_O,neverendingstory_3,The NeverEnding Story III,1994,3.2,0,25,Peter MacDonald,5,"$17,000,000","$5,998,000",46.16,"-$14,001,000",17000000,5998000,-14001000,Loss
85,28_1_O,beverlyhillscop_1,Beverly Hills Cop,1984,7.4,82,82,Martin Brest,6.6,"$13,000,000","$316,360,478",61.69,"$145,180,239",13000000,316360478,145180239,Profit
86,28_1_O,beverlyhillscop_2,Beverly Hills Cop II,1987,6.6,48,58,Tony Scott,6.78,"$27,000,000","$299,965,036",69.71,"$122,982,518",27000000,299965036,122982518,Profit
87,28_1_O,beverlyhillscop_3,Beverly Hills Cop III,1994,5.5,11,35,John Landis,6.31,"$50,000,000","$119,208,989",45.06,"$9,604,495",50000000,119208989,9604495,Profit
88,29_1_O,porkys_1,Porky’s,1981,6.2,33,57,Bob Clark,5.47,"$2,500,000","$111,289,673",47.09,"$53,144,837",2500000,111289673,53144837,Profit
89,29_2_O,porkys_2,Porky's II: The Next Day,1983,5,10,40,Bob Clark,5.47,"$6,500,000","$33,759,266",52.82,"$10,379,633",6500000,33759266,10379633,Profit
90,29_3_O,porkys_3,Porky's Revenge,1985,4.8,18,33,James Komack,4.8,"$9,000,000","$20,518,905",45.41,"$1,259,453",9000000,20518905,1259453,Profit
91,30_1_O,evildead_1,The Evil Dead,1981,7.4,85,84,Sam Raimi,6.85,"$350,000","$2,895,590",46.4,"$1,097,795",350000,2895590,1097795,Profit
92,30_2_O,evildead_2,Evil Dead II,1987,7.7,88,89,Sam Raimi,6.85,"$3,600,000","$5,932,279",48.17,"-$633,861",3600000,5932279,-633861,Loss
93,30_3_O,evildead_3,Army of Darkness,1992,7.4,69,86,Sam Raimi,6.85,"$11,000,000","$11,521,123",60.34,"-$5,239,439",11000000,11521123,-5239439,Loss
94,31_1_O,indianajones_1,Raiders of the Lost Ark,1981,8.4,94,96,Steven Spielberg,7.39,"$18,000,000","$389,925,971",38.47,"$176,962,986",18000000,389925971,176962986,Profit
95,31_2_O,indianajones_2,Indiana Jones and the Temple of Doom,1984,7.5,77,82,Steven Spielberg,7.39,"$28,000,000","$333,107,271",66.47,"$138,553,636",28000000,333107271,138553636,Profit
96,31_3_O,indianajones_3,Indiana Jones and the Kingdom of the Crystal Skull,2008,6.2,77,53,Steven Spielberg,7.39,"$185,000,000","$786,636,033",53.74,"$208,318,017",185000000,786636033,208318017,Profit
97,31_4_O,indianajones_4,Indiana Jones and the Dial of Destiny,2023,6.5,71,87,James Mangold,7.16,"$387,200,000","$383,963,057",42.91,"-$195,218,472",387200000,383963057,-195218472,Loss
98,32_1_O,highlander_1,Highlander,1986,7,69,79,Russell Mulcahy,5.7,"$16,000,000","$5,914,181",54.41,"-$13,042,910",16000000,5914181,-13042910,Loss
99,32_2_O,highlander_2,Highlander II: The Quickening,1991,4.2,0,23,Russell Mulcahy,5.7,"$30,000,000","$15,556,340",28.63,"-$22,221,830",30000000,15556340,-22221830,Loss
100,32_3_O,highlander_3,Highlander III: The Sorcerer,1994,4.5,5,28,Andrew Morahan,4.63,"$26,000,000","$12,303,080",36.68,"-$19,848,460",26000000,12303080,-19848460,Loss
101,32_4_O,highlander_4,Highlander: Endgame,2000,4.6,11,38,Doug Aarniokoski,4.53,"$25,000,000","$15,843,608",34.9,"-$17,078,196",25000000,15843608,-17078196,Loss
102,32_5_O,highlander_5,Highlander: The Source,2007,3,,18,Brett Leonard,5.13,"$13,000,000","$213,205",33.67,"-$12,893,398",13000000,213205,-12893398,Loss
103,33_1_O,nationallampoonsvacation_1,National Lampoon’s Vacation,1983,7.3,94,85,Harold Ramis,6.25,"$15,000,000","$61,418,362",54.25,"$15,709,181",15000000,61418362,15709181,Profit
104,33_2_O,nationallampoonsvacation_2,National Lampoon's European Vacation,1985,6.2,37,49,Amy Heckerling,5.98,"$17,000,000","$49,364,621",48.09,"$7,682,311",17000000,49364621,7682311,Profit
105,33_3_O,nationallampoonsvacation_3,National Lampoon's Christmas Vacation,1989,7.5,72,86,Jeremiah S. Chechik,5.98,"$28,000,000","$74,542,088",79.88,"$9,271,044",28000000,74542088,9271044,Profit
106,34_1_O,vacation_1,Vegas Vacation,1997,5.9,15,51,Stephen Kessler,5.9,"$25,000,000","$36,400,360",41.37,"-$6,799,820",25000000,36400360,-6799820,Loss
107,34_2_O,vacation_2,Vacation,2015,6.2,27,45,John Francis Daley,6.77,"$31,000,000","$107,228,221",52.14,"$22,614,111",31000000,107228221,22614111,Profit
108,35_1_O,nakedgun_1,The Naked Gun: From the Files of Police Squad!,1988,7.6,88,84,David Zucker,6.22,"$14,500,000","$78,756,177",52.1,"$24,878,089",14500000,78756177,24878089,Profit
109,35_2_O,nakedgun_2,The Naked Gun 2½: The Smell of Fear,1991,6.9,77,65,David Zucker,6.22,"$23,000,000","$86,930,411",51.12,"$20,465,206",23000000,86930411,20465206,Profit
110,35_3_O,nakedgun_3,Naked Gun 33 1/3: The Final Insult,1994,6.5,66,54,Peter Segal,6.24,"$30,000,000","$51,132,598",42.04,"-$4,433,701",30000000,51132598,-4433701,Loss
111,36_1_O,youngguns_1,Young Guns,1988,6.8,43,76,Christopher Cain,5.8,"$13,000,000","$45,661,556",66.19,"$9,830,778",13000000,45661556,9830778,Profit
112,36_2_O,youngguns_2,Young Guns II,1990,6.5,31,66,Geoff Murphy,5.87,"$20,000,000","$44,143,410",52.3,"$2,071,705",20000000,44143410,2071705,Profit
113,37_1_O,wallstreet_1,Wall Street,1987,6.2,79,81,Oliver Stone,6.75,"$15,000,000","$43,848,069",59.63,"$6,924,035",15000000,43848069,6924035,Profit
114,37_2_O,wallstreet_2,Wall Street: Money Never Sleeps,2010,7.3,54,44,Oliver Stone,6.75,"$70,000,000","$134,748,021",52.93,"-$2,625,990",70000000,134748021,-2625990,Loss
115,38_1_O,bluesbrothers_1,The Blues Brothers,1980,7.9,71,92,John Landis,6.31,"$27,500,000","$115,229,890",64.34,"$30,114,945",27500000,115229890,30114945,Profit
116,38_2_O,bluesbrothers_2,Blues Brothers 2000,1998,4.9,47,37,John Landis,6.31,"$28,000,000","$14,051,384",45.94,"-$20,974,308",28000000,14051384,-20974308,Loss
117,1_1_G,before_1,Before Sunrise,1995,8.1,100,93,Richard Linklater,7,"$2,500,000","$6,575,299",49.93,"$787,650",2500000,6575299,787650,Profit
118,1_2_G,before_2,Before Sunset,2004,8.1,94,91,Richard Linklater,7,"$2,700,000","$16,508,270",66.4,"$5,554,135",2700000,16508270,5554135,Profit
119,1_3_G,before_3,Before Midnight,2013,7.9,98,82,Richard Linklater,7,"$3,000,000","$20,711,759",63.82,"$7,355,880",3000000,20711759,7355880,Profit
120,2_1_G,matrix_1,The Matrix,1999,8.7,83,85,Lana Wachowski,6.79,"$63,000,000","$467,845,851",61.11,"$170,922,926",63000000,467845851,170922926,Profit
121,2_2_G,matrix_2,The Matrix Reloaded,2003,7.2,74,72,Lana Wachowski,6.79,"$150,000,000","$741,847,937",51.61,"$220,923,969",150000000,741847937,220923969,Profit
122,2_3_G,matrix_3,The Matrix Revolutions,2003,6.7,33,60,Lana Wachowski,6.79,"$150,000,000","$427,344,325",54.68,"$63,672,163",150000000,427344325,63672163,Profit
123,2_4_G,matrix_4,The Matrix Resurrections,2021,5.6,63,63,Lana Wachowski,6.79,"$190,000,000","$157,386,805",40.34,"-$111,306,598",190000000,157386805,-111306598,Loss
124,3_1_G,addamsfamily_1,The Addams Family,1991,7,67,67,Barry Sonnenfeld,6.32,"$30,000,000","$191,502,426",57.44,"$65,751,213",30000000,191502426,65751213,Profit
125,3_2_G,addamsfamily_2,Addams Family Values,1993,6.8,75,63,Barry Sonnenfeld,6.32,"$47,000,000","$48,919,043",50.29,"-$22,540,479",47000000,48919043,-22540479,Loss
126,4_1_G,sisteract_1,Sister Act,1991,6.5,73,65,Emile Ardolino,6.3,"$31,000,000","$231,605,150",67.29,"$84,802,575",31000000,231605150,84802575,Profit
127,4_2_G,sisteract_2,Sister Act 2,1993,5.7,19,67,Bill Duke,6.26,"$38,000,000","$57,319,029",69.74,"-$9,340,486",38000000,57319029,-9340486,Loss
128,5_1_G,waynesworld_1,Wayne’s World,1992,7,79,84,Penelope Spheeris,6.06,"$20,000,000","$183,097,323",57.89,"$71,548,662",20000000,183097323,71548662,Profit
129,5_2_G,waynesworld_2,Wayne’s World 2,1993,6.2,59,63,Stephen Surjik,5.75,"$40,000,000","$48,198,019",47.35,"-$15,900,991",40000000,48198019,-15900991,Loss
130,6_1_G,aceventura_1,Ace Ventura: Pet Detective,1994,6.9,48,57,Tom Shadyac,6.6,"$15,000,000","$107,217,396",69.2,"$38,608,698",15000000,107217396,38608698,Profit
131,6_2_G,aceventura_2,Ace Ventura: When Nature Calls,1995,6.4,23,72,Steve Oedekerk,6.23,"$30,000,000","$212,385,533",68.83,"$76,192,767",30000000,212385533,76192767,Profit
132,7_1_G,rugrats_1,The Rugrats Movie,1998,5.9,60,50,Igor Kovalyov,5.9,"$24,000,000","$140,894,675",45.93,"$46,447,338",24000000,140894675,46447338,Profit
133,7_2_G,rugrats_2,Rugrats in Paris,2000,6.2,76,56,Stig Bergqvist,5.85,"$30,000,000","$103,291,131",43.87,"$21,645,566",30000000,103291131,21645566,Profit
134,8_1_G,meninblack_1,Men in Black,1997,7.3,91,80,Barry Sonnenfeld,6.32,"$90,000,000","$589,390,539",57.62,"$204,695,270",90000000,589390539,204695270,Profit
135,8_2_G,meninblack_2,Men in Black II,2002,6.2,38,45,Barry Sonnenfeld,6.32,"$140,000,000","$445,135,288",47.14,"$82,567,644",140000000,445135288,82567644,Profit
136,8_3_G,meninblack_3,Men in Black 3,2012,6.8,67,70,Barry Sonnenfeld,6.32,"$225,000,000","$654,213,485",54.17,"$102,106,743",225000000,654213485,102106743,Profit
137,8_4_G,meninblack_4,Men in Black: International,2019,5.6,23,66,F. Gary Gray,6.63,"$110,000,000","$253,890,701",41.41,"$16,945,351",110000000,253890701,16945351,Profit
138,9_1_G,toystory_1,Toy Story,1995,8.3,100,92,John Lasseter,7.38,"$30,000,000","$401,053,537",53.11,"$170,526,769",30000000,401053537,170526769,Profit
139,9_2_G,toystory_2,Toy Story 2,1999,7.9,100,87,John Lasseter,7.38,"$90,000,000","$497,375,381",54.83,"$158,687,691",90000000,497375381,158687691,Profit
140,9_3_G,toystory_3,Toy Story 3,2010,8.3,98,90,Lee Unkrich,8.18,"$200,000,000","$1,067,316,101",53.95,"$333,658,051",200000000,1067316101,333658051,Profit
141,9_4_G,toystory_4,Toy Story 4,2019,7.6,96,94,Josh Cooley,7.6,"$200,000,000","$1,073,841,394",53.74,"$336,920,697",200000000,1073841394,336920697,Profit
142,10_1_G,homealone_1,Home Alone,1990,7.7,66,80,Chris Columbus,6.54,"$18,000,000","$476,684,675",53.94,"$220,342,338",18000000,476684675,220342338,Profit
143,10_2_G,homealone_2,Home Alone 2: Lost in New York,1992,6.9,35,62,Chris Columbus,6.54,"$28,000,000","$358,994,850",62.38,"$151,497,425",28000000,358994850,151497425,Profit
144,10_3_G,homealone_3,Home Alone 3,1993,4.6,36,27,Raja Gosnell,5.02,"$32,000,000","$79,082,515",50.04,"$7,541,258",32000000,79082515,7541258,Profit
145,11_1_G,tmnt_1,Teenage Mutant Ninja Turtles,1990,6.8,35,60,Steve Barron,5.9,"$13,500,000","$202,084,756",56.05,"$87,542,378",13500000,202084756,87542378,Profit
146,11_2_G,tmnt_2,Teenage Mutant Ninja Turtles II: The Secret of the Ooze,1991,6,36,67,Michael Pressman,5.96,"$25,000,000","$78,656,813",53.18,"$14,328,407",25000000,78656813,14328407,Profit
147,11_3_G,tmnt_3,Teenage Mutant Ninja Turtles III,1993,4.8,19,33,Stuart Gillard,5.2,"$21,000,000","$42,273,609",49.35,"$136,805",21000000,42273609,136805,Profit
148,12_1_G,speed_1,Speed,1994,7.3,95,77,Jan de Bont,5.68,"$30,000,000","$350,448,145",68.09,"$145,224,073",30000000,350448145,145224073,Profit
149,12_2_G,speed_2,Speed 2: Cruise Control,1997,4,4,16,Jan de Bont,5.68,"$160,000,000","$164,508,066",37.79,"-$77,745,967",160000000,164508066,-77745967,Loss
150,13_1_G,mask_1,The Mask,1994,7,81,68,Chuck Russell,5.7,"$23,000,000","$351,583,407",57.11,"$152,791,704",23000000,351583407,152791704,Profit
151,13_2_G,mask_2,Son of the Mask,2005,2.3,6,16,Lawrence Guterman,4.67,"$84,000,000","$59,981,548",53.72,"-$54,009,226",84000000,59981548,-54009226,Loss
152,14_1_G,missionimpossible_1,Mission: Impossible,1996,7.2,67,71,Brian De Palma,6.26,"$80,000,000","$457,696,391",66.26,"$148,848,196",80000000,457696391,148848196,Profit
153,14_2_G,missionimpossible_2,Mission: Impossible II,2000,6.1,58,42,John Woo,6.2,"$125,000,000","$546,388,108",64.98,"$148,194,054",125000000,546388108,148194054,Profit
154,14_3_G,missionimpossible_3,Mission: Impossible III,2006,6.9,73,69,J.J. Abrams,6.71,"$150,000,000","$398,479,497",53.4,"$49,239,749",150000000,398479497,49239749,Profit
155,14_4_G,missionimpossible_4,Mission: Impossible – Ghost Protocol,2011,7.4,94,76,Brad Bird,7.6,"$145,000,000","$694,713,380",52.3,"$202,356,690",145000000,694713380,202356690,Profit
156,14_5_G,missionimpossible_5,Mission: Impossible – Rogue Nation,2015,7.4,94,87,Christopher McQuarrie,7.25,"$150,000,000","$710,916,403",54.23,"$205,458,202",150000000,710916403,205458202,Profit
157,14_6_G,missionimpossible_6,Mission: Impossible – Fallout,2018,7.7,98,89,Christopher McQuarrie,7.25,"$178,000,000","$824,171,374",59.94,"$234,085,687",178000000,824171374,234085687,Profit
158,14_7_G,missionimpossible_7,Mission: Impossible – Dead Reckoning Part One,2023,7.6,96,94,Christopher McQuarrie,7.25,"$291,000,000","$571,125,435",58.68,"-$5,437,283",291000000,571125435,-5437283,Loss
159,15_1_G,scream_1,Scream,1996,7.4,78,80,Wes Craven,7.7,"$14,000,000","$173,046,663",51.59,"$72,523,332",14000000,173046663,72523332,Profit
160,15_2_G,scream_2,Scream 2,1997,6.3,83,59,Wes Craven,7.7,"$24,000,000","$172,363,301",51.19,"$62,181,651",24000000,172363301,62181651,Profit
161,15_3_G,scream_3,Scream 3,2000,5.7,45,38,Wes Craven,7.7,"$40,000,000","$161,834,276",50.03,"$40,917,138",40000000,161834276,40917138,Profit
162,15_4_G,scream_4,Scream 4,2011,6.2,61,57,Wes Craven,7.7,"$40,000,000","$97,231,420",59.8,"$8,615,710",40000000,97231420,8615710,Profit
163,15_5_G,scream_5,Scream,2022,6.3,76,82,Matt Bettinelli-Olpin,5.99,"$24,000,000","$137,743,924",46.68,"$44,871,962",24000000,137743924,44871962,Profit
164,15_6_G,scream_6,Scream VI,2023,6.4,77,90,Matt Bettinelli-Olpin,5.99,"$35,000,000","$166,577,232",42.03,"$48,288,616",35000000,166577232,48288616,Profit
165,19_1_G,cityslickers_1,City Slickers,1991,6.8,87,65,Ron Underwood,5.5,"$27,000,000","$179,033,791",58.38,"$62,516,896",27000000,179033791,62516896,Profit
166,19_2_G,cityslickers_2,City Slickers II: The Legend of Curly's Gold,1994,5.6,12,31,Paul Weiland,5.8,"$40,000,000","$43,622,150",45.93,"-$18,188,925",40000000,43622150,-18188925,Loss
167,20_1_G,hotshots_1,Hot Shots!,1991,6.7,83,65,Jim Abrahams,6.68,"$26,000,000","$181,096,164",49.15,"$64,548,082",26000000,181096164,64548082,Profit
168,20_2_G,hotshots_2,Hot Shots! Part Deux,1993,6.6,59,63,Jim Abrahams,6.68,"$25,000,000","$133,752,825",35.05,"$41,876,413",25000000,133752825,41876413,Profit
169,21_1_G,santaclause_1,The Santa Clause,1994,6.6,73,66,John Pasquin,6.32,"$22,000,000","$190,539,357",73.66,"$73,269,679",22000000,190539357,73269679,Profit
170,21_2_G,santaclause_2,The Santa Clause 2,2002,5.8,56,43,Michael Lembeck,5.22,"$65,000,000","$172,855,065",58.01,"$21,427,533",65000000,172855065,21427533,Profit
171,21_3_G,santaclause_3,The Santa Clause 3: The Escape Clause,2006,4.9,17,39,Michael Lembeck,5.22,"$12,000,000","$110,768,122",48.61,"$43,384,061",12000000,110768122,43384061,Profit
172,22_1_G,dumbanddumber_1,Dumb and Dumber,1994,7.3,69,84,Peter Farrelly,6.2,"$17,000,000","$247,290,327",58.65,"$106,645,164",17000000,247290327,106645164,Profit
173,22_2_G,dumbanddumber_2,Dumb and Dumberer: When Harry Met Lloyd,2003,3.5,10,23,Troy Miller,6.36,"$19,000,000","$39,267,515",51.5,"$633,758",19000000,39267515,633758,Profit
174,22_3_G,dumbanddumber_3,Dumb and Dumber To,2014,5.6,31,35,Bobby Farrelly,6.08,"$40,000,000","$169,837,010",52.13,"$44,918,505",40000000,169837010,44918505,Profit
175,23_1_G,badboys_1,Bad Boys,1995,6.8,46,78,Michael Bay,6.56,"$19,000,000","$141,407,024",57.36,"$51,703,512",19000000,141407024,51703512,Profit
176,23_2_G,badboys_2,Bad Boys II,2003,6.6,23,78,Michael Bay,6.56,"$130,000,000","$273,340,010",66.7,"$6,670,005",130000000,273340010,6670005,Profit
177,23_3_G,badboys_3,Bad Boys for Life,2020,6.5,76,96,Adil El Arbi,6.64,"$90,000,000","$426,505,244",47.1,"$123,252,622",90000000,426505244,123252622,Profit
178,23_4_G,badboys_4,Bad Boys: Ride or Die,2024,6.5,65,96,Adil El Arbi,6.64,"$100,000,000","$404,550,184",46.26,"$102,275,092",100000000,404550184,102275092,Profit
179,24_1_G,austinpowers_1,Austin Powers: International Man of Mystery,1997,7,73,77,Jay Roach,6.54,"$16,500,000","$67,711,748",60.24,"$17,355,874",16500000,67711748,17355874,Profit
180,24_2_G,austinpowers_2,Austin Powers: The Spy Who Shagged Me,1999,6.7,54,71,Jay Roach,6.54,"$33,000,000","$313,701,294",59.31,"$123,850,647",33000000,313701294,123850647,Profit
181,24_3_G,austinpowers_3,Austin Powers in Goldmember,2002,6.3,52,44,Jay Roach,6.54,"$63,000,000","$296,939,148",58.2,"$85,469,574",63000000,296939148,85469574,Profit
182,25_1_G,blade_1,Blade,1998,7.1,59,78,Stephen Norrington,6.05,"$45,000,000","$131,211,897",54.73,"$20,605,949",45000000,131211897,20605949,Profit
183,25_2_G,blade_2,Blade II,2002,6.7,57,68,Guillermo del Toro,7.09,"$54,000,000","$155,010,032",62.75,"$23,505,016",54000000,155010032,23505016,Profit
184,25_3_G,blade_3,Blade: Trinity,2004,5.8,24,58,David S. Goyer,5.63,"$65,000,000","$131,977,904",37.64,"$988,952",65000000,131977904,988952,Profit
185,26_1_G,rushhour_1,Rush Hour,1998,7,62,79,Brett Ratner,6.3,"$33,000,000","$244,721,064",63.11,"$89,360,532",33000000,244721064,89360532,Profit
186,26_2_G,rushhour_2,Rush Hour 2,2001,6.7,50,74,Brett Ratner,6.3,"$90,000,000","$347,325,802",59.58,"$83,662,901",90000000,347325802,83662901,Profit
187,26_3_G,rushhour_3,Rush Hour 3,2007,6.2,17,63,Brett Ratner,6.3,"$140,000,000","$258,097,122",51.88,"-$10,951,439",140000000,258097122,-10951439,Loss
188,27_1_G,mummy_1,The Mummy,1999,7.1,63,75,Stephen Sommers,6.1,"$80,000,000","$417,643,286",76.27,"$128,821,643",80000000,417643286,128821643,Profit
189,27_2_G,mummy_2,The Mummy Returns,2001,6.4,46,63,Stephen Sommers,6.1,"$98,000,000","$443,284,916",62.87,"$123,642,458",98000000,443284916,123642458,Profit
190,27_3_G,mummy_3,The Mummy: Tomb of the Dragon Emperor,2008,5.2,13,30,Rob Cohen,5.74,"$145,000,000","$403,449,830",54.99,"$56,724,915",145000000,403449830,56724915,Profit
191,28_1_G,americanpie_1,American Pie,1999,7,62,61,Paul Weitz,6.13,"$11,000,000","$235,483,004",68.09,"$106,741,502",11000000,235483004,106741502,Profit
192,28_2_G,americanpie_2,American Pie 2,2001,6.5,51,68,J.B. Rogers,5.4,"$30,000,000","$287,553,595",61.39,"$113,776,798",30000000,287553595,113776798,Profit
193,28_3_G,americanpie_3,American Wedding,2003,6.3,53,63,Jesse Dylan,5.75,"$55,000,000","$232,722,935",54.71,"$61,361,468",55000000,232722935,61361468,Profit
194,28_4_G,americanpie_4,American Reunion,2012,6.7,45,63,Jon Hurwitz,6.6,"$50,000,000","$234,989,584",45.81,"$67,494,792",50000000,234989584,67494792,Profit
195,29_1_G,problemchild_1,Problem Child,1990,5.5,0,43,Dennis Dugan,5.73,"$11,000,000","$72,270,891",44.47,"$25,135,446",11000000,72270891,25135446,Profit
196,29_2_G,problemchild_2,Problem Child 2,1991,4.9,7,42,Brian Levant,4.99,"$15,000,000","$32,704,700",39.67,"$1,352,350",15000000,32704700,1352350,Profit
197,30_1_G,independence_1,Independence Day,1996,7,69,75,Roland Emmerich,5.69,"$75,000,000","$817,400,891",55.72,"$333,700,446",75000000,817400891,333700446,Profit
198,30_2_G,independence_2,Independence Day: Resurgence,2016,5.2,28,30,Roland Emmerich,5.69,"$165,000,000","$389,681,935",27.49,"$29,840,968",165000000,389681935,29840968,Profit
199,31_1_G,spacejam_1,Space Jam,1996,6.5,44,63,Joe Pytka,6.65,"$80,000,000","$230,594,962",59.82,"$35,297,481",80000000,230594962,35297481,Profit
200,31_2_G,spacejam_2,Space Jam: A New Legacy,2021,4.5,25,79,Malcolm D. Lee,5.75,"$150,000,000","$163,692,228",55.75,"-$68,153,886",150000000,163692228,-68153886,Loss
201,36_1_G,iknow_1,I Know What You Did Last Summer,1997,5.8,47,41,Jim Gillespie,5.33,"$17,000,000","$125,586,134",55.47,"$45,793,067",17000000,125586134,45793067,Profit
202,36_2_G,iknow_2,I Still Know What You Did Last Summer,1998,4.8,10,29,Danny Cannon,5.65,"$65,000,000","$40,003,659",51.3,"-$44,998,171",65000000,40003659,-44998171,Loss
203,36_3_G,iknow_3,I'll Always Know What You Did Last Summer,2006,5.1,0,20,Jennifer Kaytin Robinson,5.87,"$18,000,000","$64,807,427",33.29,"$14,403,714",18000000,64807427,14403714,Profit
204,37_1_G,friday_1,Friday,1995,7.2,77,91,F. Gary Gray,6.64,"$3,500,000","$28,215,918",64.18,"$10,607,959",3500000,28215918,10607959,Profit
205,37_2_G,friday_2,Next Friday,2000,6.2,22,76,Steve Carr,5.1,"$11,000,000","$59,827,328",48.47,"$18,913,664",11000000,59827328,18913664,Profit
206,37_3_G,friday_3,Friday After Next,2002,5.8,25,75,Marcus Raboy,5.5,"$10,000,000","$33,526,835",43.07,"$6,763,418",10000000,33526835,6763418,Profit
207,38_1_G,blairwitch_1,The Blair Witch Project,1999,6.5,86,57,Daniel Myrick,6.18,"$60,000","$248,639,881",44.61,"$124,259,941",60000,248639881,124259941,Profit
208,38_2_G,blairwitch_2,Book of Shadows: Blair Witch 2,2000,4.1,14,18,Joe Berlinger,7.13,"$15,000,000","$47,737,094",43.09,"$8,868,547",15000000,47737094,8868547,Profit
209,38_3_G,blairwitch_3,Blair Witch,2016,5,38,31,Adam Wingard,5.3,"$5,000,000","$45,173,154",34.33,"$17,586,577",5000000,45173154,17586577,Profit
210,39_1_G,stuartlittle_1,Stuart Little,1999,6,66,41,Rob Minkoff,6.32,"$133,000,000","$300,135,367",40.61,"$17,067,684",133000000,300135367,17067684,Profit
211,39_2_G,stuartlittle_2,Stuart Little 2,2002,5.5,82,42,Rob Minkoff,6.32,"$120,000,000","$169,956,806",54.83,"-$35,021,597",120000000,169956806,-35021597,Loss
212,40_1_G,babe_1,Babe,1995,6.9,98,68,Chris Noonan,6.95,"$30,000,000","$254,134,910",57.98,"$97,067,455",30000000,254134910,97067455,Profit
213,40_2_G,babe_2,Babe: Pig in the City,1998,5.9,67,40,George Miller,6.78,"$90,000,000","$69,131,860",33.24,"-$55,434,070",90000000,69131860,-55434070,Loss
214,41_1_G,jumanji_1,Jumanji,1995,7.1,53,63,Joe Johnston,6.45,"$65,000,000","$262,821,940",65.25,"$66,410,970",65000000,262821940,66410970,Profit
215,41_2_G,jumanji_2,Jumanji: Welcome to the Jungle,2017,6.9,77,87,Jake Kasdan,6.95,"$90,000,000","$962,544,585",51.28,"$391,272,293",90000000,962544585,391272293,Profit
216,41_3_G,jumanji_3,Jumanji: The Next Level,2019,6.6,72,87,Jake Kasdan,6.95,"$125,000,000","$801,693,929",44.18,"$275,846,965",125000000,801693929,275846965,Profit
217,42_1_G,trainspotting_1,Trainspotting,1996,8.1,90,93,Danny Boyle,6.33,"$1,970,000","$16,992,984",53.98,"$6,526,492",1970000,16992984,6526492,Profit
218,42_2_G,trainspotting_2,T2 Trainspotting,2017,7.1,81,78,Danny Boyle,6.33,"$18,000,000","$41,681,746",58.76,"$2,840,873",18000000,41681746,2840873,Profit
219,43_1_G,basicinstinct_1,Basic Instinct,1992,7.1,56,64,Paul Verhoeven,6.82,"$49,000,000","$352,927,224",55.72,"$127,463,612",49000000,352927224,127463612,Profit
220,43_2_G,basicinstinct_2,Basic Instinct 2,2006,4.4,6,26,Michael Caton-Jones,6.43,"$70,000,000","$38,629,478",54.37,"-$50,685,261",70000000,38629478,-50685261,Loss
221,45_1_G,mortalkombat_1,Mortal Kombat,1995,5.8,44,58,Paul W.S. Anderson,5.7,"$18,000,000","$122,195,920",57.44,"$43,097,960",18000000,122195920,43097960,Profit
222,45_2_G,mortalkombat_2,Mortal Kombat: Annihilation,1997,3.6,4,24,John R. Leonetti,4.79,"$30,000,000","$51,376,861",54.36,"-$4,311,570",30000000,51376861,-4311570,Loss
223,46_1_G,zorro_1,The Mask of Zorro,1998,6.8,86,73,Martin Campbell,5.8,"$95,000,000","$250,288,523",66.17,"$30,144,262",95000000,250288523,30144262,Profit
224,46_2_G,zorro_2,The Legend of Zorro,2005,6,27,47,Martin Campbell,5.8,"$75,000,000","$142,400,065",55.68,"-$3,799,968",75000000,142400065,-3799968,Loss
225,47_1_G,urbanlegend_1,Urban Legend,1998,5.6,30,38,Jamie Blanks,5.35,"$14,000,000","$72,527,595",59.08,"$22,263,798",14000000,72527595,22263798,Profit
226,47_2_G,urbanlegend_2,Urban Legends: Final Cut,2000,4.4,12,20,John Ottman,4.4,"$14,000,000","$38,574,362",47.73,"$5,287,181",14000000,38574362,5287181,Profit
227,1_1_B,harrypotter_1,Harry Potter and the Sorcerer's Stone,2001,7.7,80,82,Chris Columbus,6.54,"$100,000,000","$882,933,392",62.23,"$341,466,696",100000000,882933392,341466696,Profit
228,1_2_B,harrypotter_2,Harry Potter and the Chamber of Secrets,2002,7.5,82,80,Chris Columbus,6.54,"$125,000,000","$1,028,538,783",56.68,"$389,269,392",125000000,1028538783,389269392,Profit
229,1_3_B,harrypotter_3,Harry Potter and the Prisoner of Azkaban,2004,7.9,91,86,Alfonso Cuarón,7.47,"$130,000,000","$810,004,984",58.19,"$275,002,492",130000000,810004984,275002492,Profit
230,1_4_B,harrypotter_4,Harry Potter and the Goblet of Fire,2005,7.7,88,74,Mike Newell,6.58,"$150,000,000","$899,649,442",59.98,"$299,824,721",150000000,899649442,299824721,Profit
231,1_5_B,harrypotter_5,Harry Potter and the Order of the Phoenix,2007,7.5,78,81,David Yates,7,"$150,000,000","$942,872,838",46.99,"$321,436,419",150000000,942872838,321436419,Profit
232,1_6_B,harrypotter_6,Harry Potter and the Half-Blood Prince,2009,7.6,83,78,David Yates,7,"$250,000,000","$941,056,063",42.56,"$220,528,032",250000000,941056063,220528032,Profit
233,1_7_B,harrypotter_7,Harry Potter and the Deathly Hallows: Part 1,2010,7.7,76,85,David Yates,7,"$125,000,000","$960,858,478",63.19,"$355,429,239",125000000,960858478,355429239,Profit
234,1_8_B,harrypotter_8,Harry Potter and the Deathly Hallows: Part 2,2011,8.1,96,89,David Yates,7,"$125,000,000","$1,342,505,340",65.79,"$546,252,670",125000000,1342505340,546252670,Profit
235,2_1_B,lotr_1,The Lord of the Rings: The Fellowship of the Ring,2001,8.9,92,95,Peter Jackson,7.7,"$93,000,000","$889,469,407",57.46,"$351,734,704",93000000,889469407,351734704,Profit
236,2_2_B,lotr_2,The Lord of the Rings: The Two Towers,2002,8.8,95,95,Peter Jackson,7.7,"$94,000,000","$938,828,326",39.8,"$375,414,163",94000000,938828326,375414163,Profit
237,2_3_B,lotr_3,The Lord of the Rings: The Return of the King,2003,9,94,86,Peter Jackson,7.7,"$94,000,001","$1,139,427,855",69.44,"$475,713,927",94000001,1139427855,475713927,Profit
238,3_1_B,spiderman_1,Spider-Man,2002,7.4,89,67,Sam Raimi,6.85,"$139,000,000","$826,571,038",36,"$274,285,519",139000000,826571038,274285519,Profit
239,3_2_B,spiderman_2,Spider-Man 2,2004,7.5,93,82,Sam Raimi,6.85,"$200,000,000","$785,311,897",59.18,"$192,655,949",200000000,785311897,192655949,Profit
240,3_3_B,spiderman_3,Spider-Man 3,2007,6.3,63,51,Sam Raimi,6.85,"$258,000,000","$892,448,390",57.12,"$188,224,195",258000000,892448390,188224195,Profit
241,4_1_B,darkknight_1,Batman Begins,2005,8.2,85,94,Christopher Nolan,8.18,"$150,000,000","$375,545,613",62.18,"$37,772,807",150000000,375545613,37772807,Profit
242,4_2_B,darkknight_2,The Dark Knight,2008,9.1,94,94,Christopher Nolan,8.18,"$185,000,000","$1,009,242,873",70.22,"$319,621,437",185000000,1009242873,319621437,Profit
243,4_3_B,darkknight_3,Batman The Dark Knight Rises,2012,8.4,87,90,Christopher Nolan,8.18,"$250,000,000","$1,115,050,227",59.22,"$307,525,114",250000000,1115050227,307525114,Profit
244,5_1_B,shrek_1,Shrek,2001,7.9,88,90,Andrew Adamson,7.08,"$60,000,000","$488,977,919",54.4,"$184,488,960",60000000,488977919,184488960,Profit
245,5_2_B,shrek_2,Shrek 2,2004,7.4,89,69,Andrew Adamson,7.08,"$150,000,000","$932,533,592",45.35,"$316,266,796",150000000,932533592,316266796,Profit
246,5_3_B,shrek_3,Shrek the Third,2007,6.1,41,52,Chris Miller,5.67,"$160,000,000","$808,310,187",55.32,"$244,155,094",160000000,808310187,244155094,Profit
247,5_4_B,shrek_4,Shrek Forever After,2010,6.3,58,54,Mike Mitchell,5.93,"$165,000,000","$752,600,867",51.19,"$211,300,434",165000000,752600867,211300434,Profit
248,6_1_B,ironman_1,Iron Man,2008,7.9,94,91,Jon Favreau,6.88,"$140,000,000","$585,796,247",45.3,"$152,898,124",140000000,585796247,152898124,Profit
249,6_2_B,ironman_2,Iron Man 2,2010,6.9,72,71,Jon Favreau,6.88,"$200,000,000","$623,933,331",55.04,"$111,966,666",200000000,623933331,111966666,Profit
250,6_3_B,ironman_3,Iron Man 3,2013,7.1,79,78,Shane Black,6.62,"$200,000,000","$1,215,577,205",68.05,"$407,788,603",200000000,1215577205,407788603,Profit
251,7_1_B,wolverine_1,X-Men Origins: Wolverine,2009,6.5,37,58,Gavin Hood,6.68,"$150,000,000","$373,062,864",52.33,"$36,531,432",150000000,373062864,36531432,Profit
252,7_2_B,wolverine_2,The Wolverine,2013,6.7,71,69,James Mangold,7.16,"$120,000,000","$414,828,246",60.86,"$87,414,123",120000000,414828246,87414123,Profit
253,7_3_B,wolverine_3,Logan,2017,8.1,93,91,James Mangold,7.16,"$97,000,000","$619,180,476",76.62,"$212,590,238",97000000,619180476,212590238,Profit
254,8_1_B,pirates_1,Pirates of the Caribbean: The Curse of the Black Pearl,2003,8.1,79,86,Gore Verbinski,6.96,"$140,000,000","$654,264,546",48.14,"$187,132,273",140000000,654264546,187132273,Profit
255,8_2_B,pirates_2,Pirates of the Caribbean: Dead Man’s Chest,2006,7.4,53,72,Gore Verbinski,6.96,"$225,000,000","$1,066,179,747",57.12,"$308,089,874",225000000,1066179747,308089874,Profit
256,8_3_B,pirates_3,Pirates of the Caribbean: At World’s End,2007,7.1,43,72,Gore Verbinski,6.96,"$300,000,000","$961,691,209",67.44,"$180,845,605",300000000,961691209,180845605,Profit
257,8_4_B,pirates_4,Pirates of the Caribbean: On Stranger Tides,2011,6.6,32,54,Rob Marshall,6.67,"$250,000,000","$1,046,721,266",52.39,"$273,360,633",250000000,1046721266,273360633,Profit
258,8_5_B,pirates_5,Pirates of the Caribbean: Dead Men Tell No Tales,2017,6.5,30,60,Joachim Rønning,6.77,"$230,000,000","$795,922,298",46.14,"$167,961,149",230000000,795922298,167961149,Profit
259,9_1_B,grudge_1,The Grudge,2004,5.9,41,46,Takashi Shimizu,5.44,"$10,000,000","$187,281,115",40.55,"$83,640,558",10000000,187281115,83640558,Profit
260,9_2_B,grudge_2,The Grudge 2,2006,5.1,12,40,Takashi Shimizu,5.44,"$20,000,000","$70,711,175",39.56,"$15,355,588",20000000,70711175,15355588,Profit
261,9_3_B,grudge_3,The Grudge 3,2009,4.6,0,27,Toby Wilkins,5.35,"$5,000,000","$1,869,127",41.22,"-$4,065,437",5000000,1869127,-4065437,Loss
262,9_4_B,grudge_4,The Grudge,2020,4.4,20,23,Nicolas Pesce,5.37,"$10,000,000","$49,511,319",35.78,"$14,755,660",10000000,49511319,14755660,Profit
263,10_1_B,oceans_1,Ocean’s Eleven,2001,7.7,83,80,Steven Soderbergh,6.55,"$85,000,000","$450,717,150",62.72,"$140,358,575",85000000,450717150,140358575,Profit
264,10_2_B,oceans_2,Ocean’s Twelve,2004,6.5,55,60,Steven Soderbergh,6.55,"$110,000,000","$362,744,280",53.98,"$71,372,140",110000000,362744280,71372140,Profit
265,10_3_B,oceans_3,Ocean’s Thirteen,2007,6.9,70,75,Steven Soderbergh,6.55,"$85,000,000","$311,312,624",44.7,"$70,656,312",85000000,311312624,70656312,Profit
266,11_1_B,kungfupanda_1,Kung Fu Panda,2008,7.6,87,83,Mark Osborne,7.03,"$130,000,000","$632,384,787",47.31,"$186,192,394",130000000,632384787,186192394,Profit
267,11_2_B,kungfupanda_2,Kung Fu Panda 2,2011,7.3,82,74,Jennifer Yuh Nelson,6.7,"$150,000,000","$665,692,281",48.69,"$182,846,141",150000000,665692281,182846141,Profit
268,11_3_B,kungfupanda_3,Kung Fu Panda 3,2016,7.1,87,79,Jennifer Yuh Nelson,6.7,"$145,000,000","$521,170,825",57.89,"$115,585,413",145000000,521170825,115585413,Profit
269,11_4_B,kungfupanda_4,Kung Fu Panda 4,2024,6.3,71,84,Mike Mitchell,5.93,"$85,000,000","$547,946,428",46.22,"$188,973,214",85000000,547946428,188973214,Profit
270,12_1_B,cars_1,Cars,2006,7.3,74,80,John Lasseter,7.38,"$120,000,000","$461,996,328",55.31,"$110,998,164",120000000,461996328,110998164,Profit
271,12_2_B,cars_2,Cars 2,2011,6.2,40,50,John Lasseter,7.38,"$200,000,000","$559,853,036",54.26,"$79,926,518",200000000,559853036,79926518,Profit
272,12_3_B,cars_3,Cars 3,2017,6.7,70,69,Brian Fee,6.7,"$175,000,000","$383,930,656",40.59,"$16,965,328",175000000,383930656,16965328,Profit
273,13_1_B,narnia_1,"The Chronicles of Narnia: The Lion, the Witch and the Wardrobe",2005,6.9,76,61,Andrew Adamson,7.08,"$180,000,000","$745,013,115",56.56,"$192,506,558",180000000,745013115,192506558,Profit
274,13_2_B,narnia_2,The Chronicles of Narnia: Prince Caspian,2008,6.5,66,73,Andrew Adamson,7.08,"$225,000,000","$419,665,568",64.61,"-$15,167,216",225000000,419665568,-15167216,Loss
275,13_3_B,narnia_3,The Chronicles of Narnia: The Voyage of the Dawn Treader,2010,6.3,50,58,Michael Apted,6.62,"$155,000,000","$415,686,217",43.63,"$52,843,109",155000000,415686217,52843109,Profit
276,14_1_B,hangover_1,The Hangover,2009,7.7,79,84,Todd Phillips,6.74,"$35,000,000","$469,329,059",54.13,"$199,664,530",35000000,469329059,199664530,Profit
277,14_2_B,hangover_2,The Hangover Part II,2011,6.5,35,52,Todd Phillips,6.74,"$80,000,000","$586,764,305",62.13,"$213,382,153",80000000,586764305,213382153,Profit
278,14_3_B,hangover_3,The Hangover Part III,2013,5.9,21,44,Todd Phillips,6.74,"$103,000,000","$362,000,072",42.61,"$78,000,036",103000000,362000072,78000036,Profit
279,15_1_B,fastfurious_1,The Fast and the Furious,2001,6.8,55,74,Rob Cohen,5.74,"$38,000,000","$207,517,995",56.22,"$65,758,998",38000000,207517995,65758998,Profit
280,15_2_B,fastfurious_2,2 Fast 2 Furious,2003,5.9,37,50,John Singleton,6.43,"$76,000,000","$236,353,236",54.89,"$42,176,618",76000000,236353236,42176618,Profit
281,15_3_B,fastfurious_3,The Fast and the Furious: Tokyo Drift,2006,6.1,38,69,Justin Lin,6.43,"$85,000,000","$158,968,749",56.37,"-$5,515,626",85000000,158968749,-5515626,Loss
282,15_4_B,fastfurious_4,Fast & Furious,2009,6.5,28,67,Justin Lin,6.43,"$85,000,000","$360,405,638",57.51,"$95,202,819",85000000,360405638,95202819,Profit
283,15_5_B,fastfurious_5,Fast Five,2011,7.3,77,83,Justin Lin,6.43,"$125,000,000","$626,140,012",39.16,"$188,070,006",125000000,626140012,188070006,Profit
284,15_6_B,fastfurious_6,Fast & Furious 6,2013,7,71,84,Justin Lin,6.43,"$160,000,000","$788,683,342",55.95,"$234,341,671",160000000,788683342,234341671,Profit
285,15_7_B,fastfurious_7,Furious 7,2015,7.1,82,82,James Wan,6.69,"$190,000,000","$1,515,342,457",51.81,"$567,671,229",190000000,1515342457,567671229,Profit
286,15_8_B,fastfurious_8,The Fate of the Furious,2017,6.6,67,72,F. Gary Gray,6.63,"$250,000,000","$1,236,009,236",40.15,"$368,004,618",250000000,1236009236,368004618,Profit
287,15_9_B,fastfurious_9,Fast & Furious Presents: Hobbs & Shaw,2019,6.4,67,88,David Leitch,7,"$200,000,000","$760,732,926",36.03,"$180,366,463",200000000,760732926,180366463,Profit
288,15_10_B,fastfurious_10,F9: The Fast Saga,2021,5.2,59,82,Justin Lin,6.43,"$200,000,000","$726,229,501",38.28,"$163,114,751",200000000,726229501,163114751,Profit
289,15_11_B,fastfurious_11,Fast X,2023,5.7,56,84,Louis Leterrier,6.54,"$340,000,000","$704,875,015",53.21,"$12,437,508",340000000,704875015,12437508,Profit
290,16_1_B,crank_1,Crank,2006,6.9,62,71,Mark Neveldine,5.22,"$12,000,000","$42,931,041",56.74,"$9,465,521",12000000,42931041,9465521,Profit
291,16_2_B,crank_2,Crank: High Voltage,2009,6.1,64,49,Mark Neveldine,5.22,"$20,000,000","$34,572,541",53.4,"-$2,713,730",20000000,34572541,-2713730,Loss
292,17_1_B,stepup_1,Step Up,2006,6.5,22,83,Anne Fletcher,6.13,"$12,000,000","$114,197,742",52.36,"$45,098,871",12000000,114197742,45098871,Profit
293,17_2_B,stepup_2,Step Up 2: The Streets,2008,6.2,29,76,Jon M. Chu,5.47,"$17,500,000","$150,988,382",73.47,"$57,994,191",17500000,150988382,57994191,Profit
294,17_3_B,stepup_3,Step Up 3D,2010,6.2,47,64,Jon M. Chu,5.47,"$30,000,000","$159,291,809",54.79,"$49,645,905",30000000,159291809,49645905,Profit
295,17_4_B,stepup_4,Step Up Revolution,2012,6.4,40,68,Scott Speer,5.58,"$33,000,000","$140,470,746",59.09,"$37,235,373",33000000,140470746,37235373,Profit
296,17_5_B,stepup_5,Step Up: All In,2014,5.9,43,56,Trish Sie,5.92,"$45,000,000","$86,165,646",60.91,"-$1,917,177",45000000,86165646,-1917177,Loss
297,18_1_B,meetparents_1,Meet the Parents,2000,7,85,79,Jay Roach,6.54,"$55,000,000","$330,444,045",48.78,"$110,222,023",55000000,330444045,110222023,Profit
298,18_2_B,meetparents_2,Meet the Fockers,2004,6.4,38,58,Jay Roach,6.54,"$80,000,000","$522,657,936",53.19,"$181,328,968",80000000,522657936,181328968,Profit
299,18_3_B,meetparents_3,Little Fockers,2010,5.5,9,34,Paul Weitz,6.13,"$100,000,000","$310,650,585",47.13,"$55,325,293",100000000,310650585,55325293,Profit
300,19_1_B,bourne_1,The Bourne Identity,2002,7.8,84,93,Doug Liman,6.5,"$60,000,000","$214,034,224",53.94,"$47,017,112",60000000,214034224,47017112,Profit
301,19_2_B,bourne_2,The Bourne Supremacy,2004,7.7,81,90,Paul Greengrass,6.96,"$75,000,000","$292,542,992",55.24,"$71,271,496",75000000,292542992,71271496,Profit
302,19_3_B,bourne_3,The Bourne Ultimatum,2007,8,92,91,Paul Greengrass,6.96,"$110,000,000","$442,824,138",54.24,"$111,412,069",110000000,442824138,111412069,Profit
303,19_4_B,bourne_4,The Bourne Legacy,2012,6.6,56,58,Tony Gilroy,6.63,"$125,000,000","$276,144,750",56.61,"$13,072,375",125000000,276144750,13072375,Profit
304,19_5_B,bourne_5,Jason Bourne,2016,6.6,55,55,Paul Greengrass,6.96,"$120,000,000","$415,484,914",50.86,"$87,742,457",120000000,415484914,87742457,Profit
305,20_1_B,iceage_1,Ice Age,2002,7.5,76,82,Carlos Saldanha,6.49,"$59,000,000","$383,257,136",40.29,"$132,628,568",59000000,383257136,132628568,Profit
306,20_2_B,iceage_2,Ice Age: The Meltdown,2006,6.8,56,71,Carlos Saldanha,6.49,"$80,000,000","$667,318,416",37.37,"$253,659,208",80000000,667318416,253659208,Profit
307,20_3_B,iceage_3,Ice Age: Dawn of the Dinosaurs,2009,6.9,46,63,Carlos Saldanha,6.49,"$90,000,000","$886,686,817",74.88,"$353,343,409",90000000,886686817,353343409,Profit
308,20_4_B,iceage_4,Ice Age: Continental Drift,2012,6.5,37,61,Steve Martino,6.77,"$95,000,000","$877,244,782",39.65,"$343,622,391",95000000,877244782,343622391,Profit
309,20_5_B,iceage_5,Ice Age: Collision Course,2016,5.7,18,39,Galen T. Chu,5.7,"$105,000,000","$408,754,975",43.05,"$99,377,488",105000000,408754975,99377488,Profit
310,21_1_B,28later_1,28 Days Later,2002,7.5,87,85,Danny Boyle,6.33,"$8,000,000","$74,945,045",38.6,"$29,472,523",8000000,74945045,29472523,Profit
311,21_2_B,28later_2,28 Weeks Later,2007,6.8,73,66,Juan Carlos Fresnadillo,6.28,"$15,000,000","$72,304,846",47.22,"$21,152,423",15000000,72304846,21152423,Profit
312,21_3_B,28later_3,28 Years Later,2025,6.6,89,63,Danny Boyle,6.33,"$60,000,000","$151,308,832",54.42,"$15,654,416",60000000,151308832,15654416,Profit
313,22_1_B,nationaltreasure_1,National Treasure,2004,6.9,47,76,Jon Turteltaub,5.9,"$100,000,000","$347,512,530",63.21,"$73,756,265",100000000,347512530,73756265,Profit
314,22_2_B,nationaltreasure_2,National Treasure: Book of Secrets,2007,6.5,35,67,Jon Turteltaub,5.9,"$130,000,000","$459,242,249",58.2,"$99,621,125",130000000,459242249,99621125,Profit
315,23_1_B,hellboy_1,Hellboy,2004,6.9,81,66,Guillermo del Toro,7.09,"$66,000,000","$99,378,985",60.69,"-$16,310,508",66000000,99378985,-16310508,Loss
316,23_2_B,hellboy_2,Hellboy II: The Golden Army,2008,7,86,71,Guillermo del Toro,7.09,"$85,000,000","$168,319,243",52.86,"-$840,379",85000000,168319243,-840379,Loss
317,24_1_B,charliesangels_1,Charlie’s Angels,2000,5.6,68,45,McG,5.9,"$93,000,000","$264,105,545",50.53,"$39,052,773",93000000,264105545,39052773,Profit
318,24_2_B,charliesangels_2,Charlie’s Angels: Full Throttle,2003,5,41,40,McG,5.9,"$120,000,000","$259,175,788",53.87,"$9,587,894",120000000,259175788,9587894,Profit
319,25_1_B,incredibles_1,The Incredibles,2004,8,97,75,Brad Bird,7.6,"$92,000,000","$631,688,498",51.44,"$223,844,249",92000000,631688498,223844249,Profit
320,25_2_B,incredibles_2,Incredibles 2,2018,7.5,93,84,Brad Bird,7.6,"$200,000,000","$1,243,225,667",48.13,"$421,612,834",200000000,1243225667,421612834,Profit
321,26_1_B,killbill_1,Kill Bill: Vol. 1,2003,8.2,85,81,Quentin Tarantino,7.93,"$30,000,000","$180,908,413",54.87,"$60,454,207",30000000,180908413,60454207,Profit
322,26_2_B,killbill_2,Kill Bill: Vol. 2,2004,8,84,89,Quentin Tarantino,7.93,"$30,000,000","$152,162,123",50.66,"$46,081,062",30000000,152162123,46081062,Profit
323,27_1_B,ring_1,The Ring,2002,7.1,72,48,Gore Verbinski,6.96,"$48,000,000","$249,348,933",54.85,"$76,674,467",48000000,249348933,76674467,Profit
324,27_2_B,ring_2,The Ring Two,2005,5.4,21,33,Hideo Nakata,5.57,"$50,000,000","$163,995,949",51.08,"$31,997,975",50000000,163995949,31997975,Profit
325,27_3_B,ring_3,Rings,2017,4.5,8,23,F. Javier Gutiérrez,5.5,"$25,000,000","$83,080,890",51.52,"$16,540,445",25000000,83080890,16540445,Profit
326,28_1_B,finaldestination_1,Final Destination,2000,6.7,50,68,James Wong,5.25,"$23,000,000","$112,880,294",55.87,"$33,440,147",23000000,112880294,33440147,Profit
327,28_2_B,finaldestination_2,Final Destination 2,2003,6.2,52,58,David R. Ellis,5.33,"$26,000,000","$90,941,129",52.13,"$19,470,565",26000000,90941129,19470565,Profit
328,28_3_B,finaldestination_3,Final Destination 3,2006,5.9,44,57,James Wong,5.25,"$25,000,000","$118,890,272",55.82,"$34,445,136",25000000,118890272,34445136,Profit
329,28_4_B,finaldestination_4,The Final Destination,2009,5.1,28,35,David R. Ellis,5.33,"$40,000,000","$186,167,139",52.56,"$53,083,570",40000000,186167139,53083570,Profit
330,28_5_B,finaldestination_5,Final Destination 5,2011,5.9,64,53,Steven Quale,5.88,"$40,000,000","$157,887,643",48.92,"$38,943,822",40000000,157887643,38943822,Profit
331,28_6_B,finaldestination_6,Final Destination: Bloodlines,2025,6.7,92,86,Zach Lipovsky,5.45,"$50,000,000","$315,730,814",54.52,"$107,865,407",50000000,315730814,107865407,Profit
332,29_1_B,riddick_1,Pitch Black,2000,7,59,77,David Twohy,6.45,"$23,000,000","$53,187,659",49.92,"$3,593,830",23000000,53187659,3593830,Profit
333,29_2_B,riddick_2,The Chronicles of Riddick,2004,6.6,29,65,David Twohy,6.45,"$105,000,000","$115,900,534",54.58,"-$47,049,733",105000000,115900534,-47049733,Loss
334,29_3_B,riddick_3,Riddick,2013,6.4,58,56,David Twohy,6.45,"$38,000,000","$98,337,295",55.95,"$11,168,648",38000000,98337295,11168648,Profit
335,30_1_B,scarymovie_1,Scary Movie,2000,6.3,51,43,Keenen Ivory Wayans,5.78,"$19,000,000","$278,022,760",59.49,"$120,011,380",19000000,278022760,120011380,Profit
336,30_2_B,scarymovie_2,Scary Movie 2,2001,5.4,13,52,Keenen Ivory Wayans,5.78,"$45,000,000","$141,220,678",51.64,"$25,610,339",45000000,141220678,25610339,Profit
337,30_3_B,scarymovie_3,Scary Movie 3,2003,5.6,36,54,David Zucker,6.22,"$48,000,000","$220,673,217",57.07,"$62,336,609",48000000,220673217,62336609,Profit
338,30_4_B,scarymovie_4,Scary Movie 4,2006,5.1,34,51,David Zucker,6.22,"$45,000,000","$178,262,620",50.31,"$44,131,310",45000000,178262620,44131310,Profit
339,30_5_B,scarymovie_5,Scary Movie 5,2013,3.6,4,38,Malcolm D. Lee,5.75,"$20,000,000","$78,378,744",50.07,"$19,189,372",20000000,78378744,19189372,Profit
340,31_1_B,princessdiaries_1,The Princess Diaries,2001,6.4,49,68,Garry Marshall,6.03,"$26,000,000","$165,335,153",53.79,"$56,667,577",26000000,165335153,56667577,Profit
341,31_2_B,princessdiaries_2,The Princess Diaries 2: Royal Engagement,2004,5.9,25,59,Garry Marshall,6.03,"$40,000,000","$134,734,481",48.4,"$27,367,241",40000000,134734481,27367241,Profit
342,32_1_B,residentevil_1,Resident Evil,2002,6.6,36,67,Paul W.S. Anderson,5.7,"$33,000,000","$102,984,862",52.45,"$18,492,431",33000000,102984862,18492431,Profit
343,32_2_B,residentevil_2,Resident Evil: Apocalypse,2004,6.1,18,60,Alexander Witt,4.95,"$45,000,000","$129,342,769",53.33,"$19,671,385",45000000,129342769,19671385,Profit
344,32_3_B,residentevil_3,Resident Evil: Extinction,2007,6.2,24,58,Russell Mulcahy,5.7,"$45,000,000","$147,717,833",50.14,"$28,858,917",45000000,147717833,28858917,Profit
345,32_4_B,residentevil_4,Resident Evil: Afterlife,2010,5.8,21,48,Paul W.S. Anderson,5.7,"$60,000,000","$300,228,084",47.28,"$90,114,042",60000000,300228084,90114042,Profit
346,32_5_B,residentevil_5,Resident Evil: Retribution,2012,5.3,28,51,Paul W.S. Anderson,5.7,"$65,000,000","$240,159,255",56.23,"$55,079,628",65000000,240159255,55079628,Profit
347,32_6_B,residentevil_6,Resident Evil: The Final Chapter,2016,5.5,38,47,Paul W.S. Anderson,5.7,"$40,000,000","$312,242,626",58.64,"$116,121,313",40000000,312242626,116121313,Profit
348,33_1_B,unbreakable_1,Unbreakable,2000,7.3,70,77,M. Night Shyamalan,6,"$75,000,000","$248,118,121",56.59,"$49,059,061",75000000,248118121,49059061,Profit
349,33_2_B,unbreakable_2,Split,2016,7.3,79,79,M. Night Shyamalan,6,"$9,000,000","$278,454,417",58.45,"$130,227,209",9000000,278454417,130227209,Profit
350,33_3_B,unbreakable_3,Glass,2019,6.6,37,66,M. Night Shyamalan,6,"$20,000,000","$246,999,039",56.91,"$103,499,520",20000000,246999039,103499520,Profit
351,34_1_B,gladiator_1,Gladiator,2000,8.5,80,87,Ridley Scott,6.97,"$103,000,000","$465,516,248",57.74,"$129,758,124",103000000,465516248,129758124,Profit
352,34_2_B,gladiator_2,Gladiator II,2024,6.5,70,81,Ridley Scott,6.97,"$250,000,000","$462,180,717",50.13,"-$18,909,642",250000000,462180717,-18909642,Loss
353,35_1_B,monsters_1,"Monsters, Inc.",2001,8.1,96,90,Pete Docter,6,"$115,000,000","$579,772,590",52.89,"$174,886,295",115000000,579772590,174886295,Profit
354,35_2_B,monsters_2,Monsters University,2013,7.2,80,81,Dan Scanlon,7.3,"$200,000,000","$743,559,645",49.44,"$171,779,823",200000000,743559645,171779823,Profit
355,36_1_B,nightmuseum_1,Night at the Museum,2006,6.5,42,67,Shawn Levy,6.38,"$110,000,000","$574,482,479",53.88,"$177,241,240",110000000,574482479,177241240,Profit
356,36_2_B,nightmuseum_2,Night at the Museum: Battle of the Smithsonian,2009,6,43,47,Shawn Levy,6.38,"$150,000,000","$413,106,170",48.81,"$56,553,085",150000000,413106170,56553085,Profit
357,36_3_B,nightmuseum_3,Night at the Museum: Secret of the Tomb,2014,6.2,48,57,Shawn Levy,6.38,"$127,000,000","$363,204,635",53.83,"$54,602,318",127000000,363204635,54602318,Profit
358,37_1_B,madagascar_1,Madagascar,2005,6.9,55,67,Eric Darnell,6.7,"$75,000,000","$542,068,271",44.13,"$196,034,136",75000000,542068271,196034136,Profit
359,37_2_B,madagascar_2,Madagascar: Escape 2 Africa,2008,6.7,64,66,Eric Darnell,6.7,"$150,000,000","$603,900,354",50.33,"$151,950,177",150000000,603900354,151950177,Profit
360,37_3_B,madagascar_3,Madagascar 3: Europe’s Most Wanted,2012,6.8,78,72,Eric Darnell,6.7,"$145,000,000","$746,921,274",52.19,"$228,460,637",145000000,746921274,228460637,Profit
361,38_1_B,saw_1,Saw,2004,7.6,50,84,James Wan,6.69,"$1,200,000","$104,045,735",49.94,"$50,822,868",1200000,104045735,50822868,Profit
362,38_2_B,saw_2,Saw II,2005,6.6,39,59,Darren Lynn Bousman,5.36,"$4,000,000","$147,748,505",57.12,"$69,874,253",4000000,147748505,69874253,Profit
363,38_3_B,saw_3,Saw III,2006,6.2,28,71,Darren Lynn Bousman,5.36,"$10,000,000","$164,874,275",56.02,"$72,437,138",10000000,164874275,72437138,Profit
364,38_4_B,saw_4,Saw IV,2007,5.9,18,62,Darren Lynn Bousman,5.36,"$10,000,000","$139,352,633",56.89,"$59,676,317",10000000,139352633,59676317,Profit
365,38_5_B,saw_5,Saw V,2008,5.8,13,52,David Hackl,5.22,"$10,800,000","$113,864,059",51.09,"$46,132,030",10800000,113864059,46132030,Profit
366,38_6_B,saw_6,Saw VI,2009,6.1,39,53,Kevin Greutert,5.63,"$11,000,000","$68,234,154",49.77,"$23,117,077",11000000,68234154,23117077,Profit
367,39_1_B,transporter_1,The Transporter,2002,6.8,53,73,Louis Leterrier,6.54,"$21,000,000","$43,928,932",50.88,"$964,466",21000000,43928932,964466,Profit
368,39_2_B,transporter_2,Transporter 2,2005,6.3,52,58,Louis Leterrier,6.54,"$32,000,000","$89,083,229",55.86,"$12,541,615",32000000,89083229,12541615,Profit
369,39_3_B,transporter_3,Transporter 3,2008,6.1,40,48,Olivier Megaton,5.47,"$30,000,000","$108,979,549",53.58,"$24,489,775",30000000,108979549,24489775,Profit
370,40_1_B,flintstones_1,The Flintstones,1994,5,23,25,Brian Levant,4.99,"$46,000,000","$341,631,208",57.43,"$124,815,604",46000000,341631208,124815604,Profit
371,40_2_B,flintstones_2,The Flintstones in Viva Rock Vegas,2000,3.8,25,20,Brian Levant,4.99,"$83,000,000","$59,468,275",51.93,"-$53,265,863",83000000,59468275,-53265863,Loss
372,41_1_B,universalsoldier_1,Universal Soldier,1992,6.1,34,47,Roland Emmerich,5.69,"$23,000,000","$36,299,898",48.34,"-$4,850,051",23000000,36299898,-4850051,Loss
373,41_2_B,bradybunch_1,The Brady Bunch Movie,1995,6.2,63,47,Betty Thomas,5.85,"$12,000,000","$46,576,136",55.39,"$11,288,068",12000000,46576136,11288068,Profit
374,41_3_B,bradybunch_2,A Very Brady Sequel,1996,5.9,58,36,Arlene Sanford,5.63,"$12,000,000","$21,440,752",53.39,"-$1,279,624",12000000,21440752,-1279624,Loss
375,42_1_B,spykids_1,Spy Kids,2001,5.6,92,47,Robert Rodriguez,6.24,"$35,000,000","$147,934,180",47.74,"$38,967,090",35000000,147934180,38967090,Profit
376,42_2_B,spykids_2,Spy Kids 2: The Island of Lost Dreams,2002,5.3,75,40,Robert Rodriguez,7.24,"$38,000,000","$119,723,358",52.71,"$21,861,679",38000000,119723358,21861679,Profit
377,42_3_B,spykids_3,Spy Kids 3-D: Game Over,2003,4.4,45,25,Robert Rodriguez,8.24,"$38,000,000","$197,101,678",60.06,"$60,550,839",38000000,197101678,60550839,Profit
378,42_4_B,spykids_4,Spy Kids 4: All the Time in the World,2011,3.6,23,37,Robert Rodriguez,9.24,"$27,000,000","$85,564,310",51.67,"$15,782,155",27000000,85564310,15782155,Profit
379,43_1_B,happyfeet_1,Happy Feet,2006,6.4,76,70,Warren Coleman,6.83,"$100,000,000","$384,336,781",53.95,"$92,168,391",100000000,384336781,92168391,Profit
380,43_2_B,happyfeet_2,Happy Feet Two,2010,5.8,45,60,Gary Eck,5.8,"$135,000,000","$159,197,038",53.01,"-$55,401,481",135000000,159197038,-55401481,Loss
381,44_1_B,legallyblonde_1,Legally Blonde,2001,6.5,72,72,Robert Luketic,5.95,"$18,000,000","$141,778,365",54.57,"$52,889,183",18000000,141778365,52889183,Profit
382,44_2_B,legallyblonde_2,"Legally Blonde 2: Red, White & Blonde",2003,4.8,35,39,Charles Herman-Wurmfeld,5.48,"$45,000,000","$124,914,842",52.3,"$17,457,421",45000000,124914842,17457421,Profit
383,45_1_B,barbershop_1,Barbershop,2002,6.3,82,62,Tim Story,5.27,"$12,000,000","$77,063,924",50.35,"$26,531,962",12000000,77063924,26531962,Profit
384,45_2_B,barbershop_2,Barbershop 2: Back in Business,2004,5.7,69,48,Kevin Rodney Sullivan,5.81,"$30,000,000","$65,991,448",51.9,"$2,995,724",30000000,65991448,2995724,Profit
385,45_3_B,barbershop_3,Barbershop: The Next Cut,2016,5.9,91,66,Malcolm D. Lee,5.75,"$20,000,000","$55,658,961",53.69,"$7,829,481",20000000,55658961,7829481,Profit
386,46_1_B,cheaperbythedozen_1,Cheaper by the Dozen,2003,5.9,25,56,Shawn Levy,6.38,"$40,000,000","$190,538,630",54.95,"$55,269,315",40000000,190538630,55269315,Profit
387,46_2_B,cheaperbythedozen_2,Cheaper by the Dozen 2,2005,5.6,8,57,Adam Shankman,6.03,"$60,000,000","$130,154,568",48.3,"$5,077,284",60000000,130154568,5077284,Profit
388,47_1_B,misscongeniality_1,Miss Congeniality,2000,6.3,41,69,Donald Petrie,6.02,"$45,000,000","$212,758,130",58.13,"$61,379,065",45000000,212758130,61379065,Profit
389,47_2_B,misscongeniality_2,Miss Congeniality 2: Armed and Fabulous,2005,5.2,15,43,John Pasquin,6.32,"$45,000,000","$101,393,569",56.04,"$5,696,785",45000000,101393569,5696785,Profit
390,48_1_B,xxx_1,xXx,2002,5.9,48,58,Rob Cohen,5.74,"$70,000,000","$277,448,382",52.81,"$68,724,191",70000000,277448382,68724191,Profit
391,48_2_B,xxx_2,xXx: State of the Union,2005,4.5,17,32,Lee Tamahori,6.49,"$113,000,000","$71,410,636",49.64,"-$77,294,682",113000000,71410636,-77294682,Loss
392,48_3_B,xxx_3,xXx: Return of Xander Cage,2017,5.2,46,37,D.J. Caruso,5.97,"$85,000,000","$346,118,277",49.97,"$88,059,139",85000000,346118277,88059139,Profit
393,49_1_B,bridgetjones_1,Bridget Jones’s Diary,2001,6.8,80,81,Sharon Maguire,6.4,"$25,000,000","$281,996,961",59.7,"$115,998,481",25000000,281996961,115998481,Profit
394,49_2_B,bridgetjones_2,Bridget Jones: The Edge of Reason,2004,6,27,60,Beeban Kidron,6.34,"$40,000,000","$265,126,918",55.88,"$92,563,459",40000000,265126918,92563459,Profit
395,49_3_B,bridgetjones_3,Bridget Jones’s Baby,2016,6.4,78,60,Sharon Maguire,6.4,"$35,000,000","$211,952,420",63.25,"$70,976,210",35000000,211952420,70976210,Profit
396,49_4_B,bridgetjones_4,Bridget Jones: Mad About the Boy,2025,6.5,66,71,Michael Morris,6.8,"$50,000,000","$140,431,671",51.21,"$20,215,836",50000000,140431671,20215836,Profit
397,50_1_B,zoolander_1,Zoolander,2001,6.5,66,80,Ben Stiller,6.31,"$28,000,000","$60,780,981",49.67,"$2,390,491",28000000,60780981,2390491,Profit
398,50_2_B,zoolander_2,Zoolander 2,2016,4.7,23,20,Ben Stiller,6.31,"$50,000,000","$56,722,693",50.61,"-$21,638,654",50000000,56722693,-21638654,Loss
399,51_1_B,tombraider_1,Lara Croft: Tomb Raider,2001,5.8,21,47,Simon West,5.8,"$115,000,000","$274,703,340",52.86,"$22,351,670",115000000,274703340,22351670,Profit
400,51_2_B,tombraider_2,Lara Croft: Tomb Raider – The Cradle of Life,2003,5.5,24,44,Jan de Bont,5.68,"$95,000,000","$160,099,222",53.97,"-$14,950,389",95000000,160099222,-14950389,Loss
401,51_3_B,tombraider_3,Tomb Raider,2018,6.3,52,55,Roar Uthaug,6.1,"$94,000,000","$274,950,803",52.18,"$43,475,402",94000000,274950803,43475402,Profit
402,51_1_B,greekwedding_1,My Big Fat Greek Wedding,2002,6.6,76,73,Joel Zwick,5.13,"$5,000,000","$368,744,044",59.44,"$179,372,022",5000000,368744044,179372022,Profit
403,51_2_B,greekwedding_2,My Big Fat Greek Wedding 2,2016,6,28,52,Kirk Jones,6.88,"$18,000,000","$90,632,641",52.38,"$27,316,321",18000000,90632641,27316321,Profit
404,52_1_B,underworld_1,Underworld,2003,7,30,79,Len Wiseman,6.8,"$22,000,000","$95,708,457",54.11,"$25,854,229",22000000,95708457,25854229,Profit
405,52_2_B,underworld_2,Underworld: Evolution,2006,6.7,17,72,Len Wiseman,6.8,"$50,000,000","$111,476,513",56.19,"$5,738,257",50000000,111476513,5738257,Profit
406,52_3_B,underworld_3,Underworld: Rise of the Lycans,2009,6.5,31,63,Patrick Tatopoulos,6.3,"$35,000,000","$92,158,961",56.33,"$11,079,481",35000000,92158961,11079481,Profit
407,52_4_B,underworld_4,Underworld: Awakening,2012,6.3,25,62,Måns Mårlind,6.14,"$70,000,000","$160,112,671",52.87,"$10,056,336",70000000,160112671,10056336,Profit
408,52_5_B,underworld_5,Underworld: Blood Wars,2016,5.8,21,49,Anna Foerster,6,"$35,000,000","$81,093,313",54.57,"$5,546,657",35000000,81093313,5546657,Profit
409,1_1_P,avengers_1,Avengers Assemble,2012,8,91,91,Joss Whedon,7.53,"$220,000,000","$1,520,538,536",64.54,"$540,269,268",220000000,1520538536,540269268,Profit
410,1_2_P,avengers_2,Avengers Age of Ultron,2015,7.3,75,82,Joss Whedon,7.53,"$250,000,000","$1,405,018,048",54.87,"$452,509,024",250000000,1405018048,452509024,Profit
411,1_3_P,avengers_3,Avengers Infinity Wars,2018,8.4,85,92,Anthony Russo,6.75,"$321,000,000","$2,052,415,039",65.21,"$705,207,520",321000000,2052415039,705207520,Profit
412,1_4_P,avengers_4,Avengers End Game,2019,8.4,94,90,Anthony Russo,6.75,"$356,000,000","$2,799,439,100",51.86,"$1,043,719,550",356000000,2799439100,1043719550,Profit
413,2_1_P,amazingspiderman_1,The Amazing Spider Man 1,2012,6.9,71,77,Marc Webb,6.2,"$230,000,000","$758,725,893",50.96,"$149,362,947",230000000,758725893,149362947,Profit
414,2_2_P,amazingspiderman_2,The Amazing Spider Man 2,2014,6.6,50,64,Marc Webb,6.2,"$200,000,000","$716,934,779",72.26,"$158,467,390",200000000,716934779,158467390,Profit
415,3_1_P,frozen_1,Frozen,2013,7.4,89,85,Chris Buck,6.76,"$150,000,000","$1,286,319,131",53.54,"$493,159,566",150000000,1286319131,493159566,Profit
416,3_2_P,frozen_2,Frozen II,2019,6.8,77,92,Chris Buck,6.76,"$150,000,000","$1,453,683,476",32.81,"$576,841,738",150000000,1453683476,576841738,Profit
417,4_1_P,jurassicworld_1,Jurassic World,2015,6.9,71,78,Colin Trevorrow,6.5,"$150,000,000","$1,671,537,444",57.3,"$685,768,722",150000000,1671537444,685768722,Profit
418,4_2_P,jurassicworld_2,Jurassic World: Fallen Kingdom,2018,6.1,47,48,J.A. Bayona,7.24,"$170,000,000","$1,310,469,037",51.37,"$485,234,519",170000000,1310469037,485234519,Profit
419,4_3_P,jurassicworld_3,Jurassic World: Dominion,2022,5.6,29,77,Colin Trevorrow,6.5,"$185,000,000","$1,001,978,080",44.39,"$315,989,040",185000000,1001978080,315989040,Profit
420,4_4_P,jurassicworld_4,Jurassic World: Rebirth,2025,5.9,50,71,Gareth Edwards,6.62,"$180,000,000","$867,709,655",49.42,"$253,854,828",180000000,867709655,253854828,Profit
421,5_1_P,hoteltransylvania_1,Hotel Transylvania,2012,7,45,72,Genndy Tartakovsky,6.28,"$85,000,000","$358,488,860",54.15,"$94,244,430",85000000,358488860,94244430,Profit
422,5_2_P,hoteltransylvania_2,Hotel Transylvania 2,2015,6.6,58,64,Genndy Tartakovsky,6.28,"$80,000,000","$475,186,976",43.86,"$157,593,488",80000000,475186976,157593488,Profit
423,5_3_P,hoteltransylvania_3,Hotel Transylvania 3,2018,6.3,62,49,Genndy Tartakovsky,6.28,"$80,000,000","$541,504,608",33.59,"$190,752,304",80000000,541504608,190752304,Profit
424,6_1_P,apes_1,Rise of the Planet of the Apes,2011,7.6,82,77,Rupert Wyatt,6.78,"$93,000,000","$481,800,873",70.46,"$147,900,437",93000000,481800873,147900437,Profit
425,6_2_P,apes_2,Dawn of the Planet of the Apes,2014,7.6,91,88,Matt Reeves,6.59,"$170,000,000","$710,644,566",52.73,"$185,322,283",170000000,710644566,185322283,Profit
426,6_3_P,apes_3,War for the Planet of the Apes,2017,7.4,94,84,Matt Reeves,6.59,"$150,000,000","$490,719,763",57.9,"$95,359,882",150000000,490719763,95359882,Profit
427,6_4_P,apes_4,Kingdom of the Planet of the Apes,2024,6.8,80,77,Wes Ball,6.55,"$160,000,000","$397,378,150",54.54,"$38,689,075",160000000,397378150,38689075,Profit
428,7_1_P,guardians_1,Guardians of the Galaxy`,2014,8,92,92,James Gunn,6.93,"$170,000,000","$773,350,376",44.41,"$216,675,188",170000000,773350376,216675188,Profit
429,7_2_P,guardians_2,Guardians of the Galaxy Vol. 2,2017,7.6,85,87,James Gunn,6.93,"$200,000,000","$863,756,903",59.65,"$231,878,452",200000000,863756903,231878452,Profit
430,7_3_P,guardians_3,Guardians of the Galaxy Vol. 3,2023,7.9,82,94,James Gunn,6.93,"$250,000,000","$845,555,777",41.74,"$172,777,889",250000000,845555777,172777889,Profit
431,8_1_P,deadpool_1,Deadpool,2016,8,85,90,Tim Miller,7.1,"$58,000,000","$782,837,347",49.99,"$333,418,674",58000000,782837347,333418674,Profit
432,8_2_P,deadpool_2,Deadpool 2,2018,7.6,83,85,David Leitch,7,"$110,000,000","$785,896,632",33.49,"$282,948,316",110000000,785896632,282948316,Profit
433,8_3_P,deadpool_3,Deadpool & Wolverine,2024,7.5,78,94,Shawn Levy,6.38,"$200,000,000","$1,338,073,645",45.18,"$469,036,823",200000000,1338073645,469036823,Profit
434,9_1_P,nowyouseeme_1,Now You See Me,2013,7.2,51,70,Louis Leterrier,6.54,"$75,000,000","$351,723,989",36.88,"$100,861,995",75000000,351723989,100861995,Profit
435,9_2_P,nowyouseeme_2,Now You See Me 2,2016,6.4,34,53,Jon M. Chu,5.35,"$90,000,000","$334,897,606",45.09,"$77,448,803",90000000,334897606,77448803,Profit
436,10_1_P,creed_1,Creed,2015,7.6,95,89,Ryan Coogler,7.32,"$35,000,000","$174,178,883",59.09,"$52,089,442",35000000,174178883,52089442,Profit
437,10_2_P,creed_2,Creed II,2018,7.1,83,80,Steven Caple Jr.,6.5,"$50,000,000","$214,215,889",56.81,"$57,107,945",50000000,214215889,57107945,Profit
438,10_3_P,creed_3,Creed III,2023,6.7,89,95,Michael B. Jordan,6.7,"$75,000,000","$276,148,615",51.65,"$63,074,308",75000000,276148615,63074308,Profit
439,11_1_P,despicableme_1,Despicable Me,2010,7.6,80,83,Pierre Coffin,6.9,"$69,000,000","$544,174,973",49.01,"$203,087,487",69000000,544174973,203087487,Profit
440,11_2_P,despicableme_2,Despicable Me 2,2013,7.3,75,85,Pierre Coffin,6.9,"$76,000,000","$970,766,005",51.92,"$409,383,003",76000000,970766005,409383003,Profit
441,11_3_P,despicableme_3,Despicable Me 3,2017,6.3,58,53,Pierre Coffin,6.9,"$80,000,000","$1,034,800,131",53.04,"$437,400,066",80000000,1034800131,437400066,Profit
442,11_4_P,despicableme_4,Despicable Me 4,2024,6.2,55,86,Chris Renaud,6.73,"$100,000,000","$972,021,410",51.45,"$386,010,705",100000000,972021410,386010705,Profit
443,12_1_P,spidermanhome_1,Spider-Man: Homecoming,2017,7.4,92,87,Jon Watts,6.84,"$175,000,000","$880,978,185",53.63,"$265,489,093",175000000,880978185,265489093,Profit
444,12_2_P,spidermanhome_2,Spider-Man: Far From Home,2019,7.4,91,95,Jon Watts,6.84,"$160,000,000","$1,132,723,226",45.72,"$406,361,613",160000000,1132723226,406361613,Profit
445,12_3_P,spidermanhome_3,Spider-Man: No Way Home,2021,8.2,93,97,Jon Watts,6.84,"$200,000,000","$1,921,426,073",52.91,"$760,713,037",200000000,1921426073,760713037,Profit
446,13_1_P,fiftyshades_1,Fifty Shades of Grey,2015,4.2,25,41,Sam Taylor-Johnson,5.66,"$40,000,000","$569,651,467",36.88,"$244,825,734",40000000,569651467,244825734,Profit
447,13_2_P,fiftyshades_2,Fifty Shades Darker,2017,4.6,11,48,James Foley,5.92,"$55,000,000","$381,545,846",38.96,"$135,772,923",55000000,381545846,135772923,Profit
448,13_3_P,fiftyshades_3,Fifty Shades Freed,2018,4.6,11,38,James Foley,5.92,"$55,000,000","$371,985,018",51.88,"$130,992,509",55000000,371985018,130992509,Profit
449,14_1_P,johnwick_1,John Wick,2014,7.5,86,82,Chad Stahelski,7.48,"$20,000,000","$86,085,191",47.62,"$23,042,596",20000000,86085191,23042596,Profit
450,14_2_P,johnwick_2,John Wick: Chapter 2,2017,7.4,89,85,Chad Stahelski,7.48,"$40,000,000","$174,348,632",45.49,"$47,174,316",40000000,174348632,47174316,Profit
451,14_3_P,johnwick_3,John Wick: Chapter 3 – Parabellum,2019,7.4,89,86,Chad Stahelski,7.48,"$75,000,000","$328,349,908",41.12,"$89,174,954",75000000,328349908,89174954,Profit
452,14_4_P,johnwick_4,John Wick: Chapter 4,2023,7.6,94,93,Chad Stahelski,7.48,"$100,000,000","$447,142,521",53.38,"$123,571,261",100000000,447142521,123571261,Profit
453,15_1_P,hobbit_1,The Hobbit: An Unexpected Journey,2012,7.8,64,83,Peter Jackson,7.7,"$180,000,000","$1,017,107,150",53.5,"$328,553,575",180000000,1017107150,328553575,Profit
454,15_2_P,hobbit_2,The Hobbit: The Desolation of Smaug,2013,7.8,74,85,Peter Jackson,7.7,"$225,000,000","$959,079,095",52.88,"$254,539,548",225000000,959079095,254539548,Profit
455,15_3_P,hobbit_3,The Hobbit: The Battle of the Five Armies,2014,7.4,59,74,Peter Jackson,7.7,"$250,000,000","$962,253,946",59.54,"$231,126,973",250000000,962253946,231126973,Profit
456,16_1_P,captainamerica_1,Captain America: The First Avenger,2011,6.9,80,75,Joe Johnston,6.45,"$140,000,000","$370,569,774",44.52,"$45,284,887",140000000,370569774,45284887,Profit
457,16_2_P,captainamerica_2,Captain America: The Winter Soldier,2014,7.7,90,92,Joe Russo,6.75,"$170,000,000","$714,421,503",49.59,"$187,210,752",170000000,714421503,187210752,Profit
458,16_3_P,captainamerica_3,Captain America: Civil War,2016,7.8,90,89,Joe Russo,6.75,"$250,000,000","$1,155,046,416",38.08,"$327,523,208",250000000,1155046416,327523208,Profit
459,17_1_P,thor_1,Thor,2011,7,90,89,Kenneth Branagh,6.7,"$150,000,000","$449,326,618",36.02,"$74,663,309",150000000,449326618,74663309,Profit
460,17_2_P,thor_2,Thor: The Dark World,2014,6.7,90,89,Alan Taylor,6.3,"$170,000,000","$644,783,140",53.91,"$152,391,570",170000000,644783140,152391570,Profit
461,17_3_P,thor_3,Thor: Ragnarok,2017,7.9,90,89,Taika Waititi,7.25,"$180,000,000","$855,301,806",52.18,"$247,650,903",180000000,855301806,247650903,Profit
462,17_4_P,thor_4,Thor: Love and Thunder,2022,6.1,90,89,Taika Waititi,7.25,"$250,000,000","$760,928,081",39.04,"$130,464,041",250000000,760928081,130464041,Profit
463,18_1_P,antman_1,Ant-Man,2015,7.2,83,85,Peyton Reed,6.47,"$130,000,000","$519,311,965",66.59,"$129,655,983",130000000,519311965,129655983,Profit
464,18_2_P,antman_2,Ant-Man and the Wasp,2018,7,87,79,Peyton Reed,6.47,"$162,000,000","$622,674,139",45.44,"$149,337,070",162000000,622674139,149337070,Profit
465,18_3_P,antman_3,Ant-Man and the Wasp: Quantumania,2023,6,46,81,Peyton Reed,6.47,"$200,000,000","$476,071,180",50.61,"$38,035,590",200000000,476071180,38035590,Profit
466,19_1_P,howtotrainyourdragon_1,How to Train Your Dragon,2010,8.1,99,91,Dean DeBlois,7.67,"$165,000,000","$494,879,860",53.67,"$82,439,930",165000000,494879860,82439930,Profit
467,19_2_P,howtotrainyourdragon_2,How to Train Your Dragon 2,2014,7.8,92,90,Dean DeBlois,7.67,"$145,000,000","$621,537,519",49.1,"$165,768,760",145000000,621537519,165768760,Profit
468,19_3_P,howtotrainyourdragon_3,How to Train Your Dragon: The Hidden World,2019,7.4,90,87,Dean DeBlois,7.67,"$129,000,000","$539,987,993",57.73,"$140,993,997",129000000,539987993,140993997,Profit
469,20_1_P,hungergames_1,The Hunger Games,2012,7.2,84,81,Gary Ross,7.04,"$78,000,000","$695,220,619",47.83,"$269,610,310",78000000,695220619,269610310,Profit
470,20_2_P,hungergames_2,The Hunger Games: Catching Fire,2013,7.5,90,89,Francis Lawrence,6.85,"$130,000,000","$869,070,923",53.81,"$304,535,462",130000000,869070923,304535462,Profit
471,20_3_P,hungergames_3,The Hunger Games: Mockingjay,2014,6.6,70,71,Francis Lawrence,6.85,"$125,000,000","$758,846,335",49.01,"$254,423,168",125000000,758846335,254423168,Profit
472,20_4_P,hungergames_4,The Hunger Games: Mockingjay – Part 2,2015,6.6,70,66,Francis Lawrence,6.85,"$160,000,000","$664,905,155",49.01,"$172,452,578",160000000,664905155,172452578,Profit
473,21_1_P,legomovie_1,The Lego Movie,2014,7.7,96,87,Phil Lord,7.2,"$60,000,000","$470,760,260",56.73,"$175,380,130",60000000,470760260,175380130,Profit
474,21_2_P,legomovie_2,The Lego Movie 2: The Second Part,2019,6.5,84,67,Mike Mitchell,5.93,"$99,000,000","$199,603,202",47.95,"$801,601",99000000,199603202,801601,Profit
475,22_1_P,pitchperfect_1,Pitch Perfect,2012,7.1,81,83,Jason Moore,6.2,"$17,000,000","$115,647,737",53.81,"$40,823,869",17000000,115647737,40823869,Profit
476,22_2_P,pitchperfect_2,Pitch Perfect 2,2013,6.4,66,64,Elizabeth Banks,5.43,"$29,000,000","$287,144,079",60.97,"$114,572,040",29000000,287144079,114572040,Profit
477,22_3_P,pitchperfect_3,Pitch Perfect 3,2017,5.8,29,43,Trish Sie,5.92,"$45,000,000","$185,400,345",51.13,"$47,700,173",45000000,185400345,47700173,Profit
478,23_1_P,insidious_1,Insidious,2010,6.8,66,62,James Wan,6.69,"$1,500,000","$100,106,454",49.59,"$48,553,227",1500000,100106454,48553227,Profit
479,23_2_P,insidious_2,Insidious: Chapter 2,2013,6.6,38,57,James Wan,6.69,"$5,000,000","$161,919,318",55.68,"$75,959,659",5000000,161919318,75959659,Profit
480,23_3_P,insidious_3,Insidious: The Red Door,2023,5.5,39,69,Patrick Wilson,5.5,"$16,000,000","$189,086,877",53.91,"$78,543,439",16000000,189086877,78543439,Profit
481,24_1_P,expendables_1,The Expendables,2010,6.4,41,64,Sylvester Stallone,6.51,"$80,000,000","$274,470,394",54.78,"$57,235,197",80000000,274470394,57235197,Profit
482,24_2_P,expendables_2,The Expendables 2,2012,6.6,67,66,Simon West,5.8,"$100,000,000","$314,975,955",48.07,"$57,487,978",100000000,314975955,57487978,Profit
483,24_3_P,expendables_3,The Expendables 3,2014,6.1,31,48,Patrick Hughes,6.24,"$80,000,000","$214,657,577",45.4,"$27,328,789",80000000,214657577,27328789,Profit
484,24_4_P,expendables_4,Expend4bles,2023,4.8,14,71,Scott Waugh,5.74,"$100,000,000","$37,917,985",48.3,"-$81,041,008",100000000,37917985,-81041008,Loss
485,25_1_P,rio_1,Rio,2011,6.9,72,71,Carlos Saldanha,6.49,"$90,000,000","$483,895,196",58,"$151,947,598",90000000,483895196,151947598,Profit
486,25_2_P,rio_2,Rio 2,2014,6.3,50,58,Carlos Saldanha,6.49,"$103,000,000","$498,781,117",53.24,"$146,390,559",103000000,498781117,146390559,Profit
487,26_1_P,croods_1,The Croods,2013,7.1,71,77,Kirk DeMicco,6,"$135,000,000","$587,266,745",51.13,"$158,633,373",135000000,587266745,158633373,Profit
488,26_2_P,croods_2,The Croods: A New Age,2020,6.9,76,94,Joel Crawford,7.35,"$65,000,000","$215,905,815",52.14,"$42,952,908",65000000,215905815,42952908,Profit
489,27_1_P,pacificrim_1,Pacific Rim,2013,6.9,72,77,Guillermo del Toro,7.09,"$190,000,000","$411,002,906",47.51,"$15,501,453",190000000,411002906,15501453,Profit
490,27_2_P,pacificrim_2,Pacific Rim: Uprising,2018,5.6,42,37,Steven S. DeKnight,5.6,"$150,000,000","$290,930,148",52.85,"-$4,534,926",150000000,290930148,-4534926,Loss
491,28_1_P,mazerunner_1,The Maze Runner,2014,6.8,65,68,Wes Ball,6.55,"$34,000,000","$348,319,861",60.87,"$140,159,931",34000000,348319861,140159931,Profit
492,28_2_P,mazerunner_2,Maze Runner: The Scorch Trials,2015,6.3,47,54,Wes Ball,6.55,"$61,000,000","$312,296,056",48.01,"$95,148,028",61000000,312296056,95148028,Profit
493,28_3_P,mazerunner_3,Maze Runner: The Death Cure,2018,6.3,43,58,Wes Ball,6.55,"$62,000,000","$288,175,335",50.5,"$82,087,668",62000000,288175335,82087668,Profit
494,29_1_P,kingsman_1,Kingsman: The Secret Service,2014,7.7,75,84,Matthew Vaughn,7.05,"$81,000,000","$414,351,546",61.7,"$126,175,773",81000000,414351546,126175773,Profit
495,29_2_P,kingsman_2,Kingsman: The Golden Circle,2017,6.7,50,64,Matthew Vaughn,7.05,"$104,000,000","$410,902,662",49.22,"$101,451,331",104000000,410902662,101451331,Profit
496,29_3_P,kingsman_3,The King’s Man,2021,6.3,40,80,Matthew Vaughn,7.05,"$100,000,000","$125,897,478",55.02,"-$37,051,261",100000000,125897478,-37051261,Loss
497,30_1_P,maleficent_1,Maleficent,2014,6.9,54,70,Robert Stromberg,6.9,"$180,000,000","$759,853,685",50.18,"$199,926,843",180000000,759853685,199926843,Profit
498,30_2_P,maleficent_2,Maleficent: Mistress of Evil,2019,6.6,40,95,Joachim Rønning,6.77,"$185,000,000","$491,730,089",50.25,"$60,865,045",185000000,491730089,60865045,Profit
499,31_1_P,equalizer_1,The Equalizer,2014,7.3,61,77,Antoine Fuqua,6.77,"$55,000,000","$192,330,738",50,"$41,165,369",55000000,192330738,41165369,Profit
500,31_2_P,equalizer_2,The Equalizer 2,2018,6.7,52,62,Antoine Fuqua,6.77,"$62,000,000","$190,400,157",47.61,"$33,200,079",62000000,190400157,33200079,Profit
501,31_3_P,equalizer_3,The Equalizer 3,2023,6.8,76,94,Antoine Fuqua,6.77,"$70,000,000","$191,067,560",46.88,"$25,533,780",70000000,191067560,25533780,Profit
502,32_1_P,purge_1,The Purge,2013,5.8,41,36,James DeMonaco,5.82,"$3,000,000","$89,328,627",53.37,"$41,664,314",3000000,89328627,41664314,Profit
503,32_2_P,purge_2,The Purge: Anarchy,2014,6.4,58,56,James DeMonaco,5.82,"$9,000,000","$111,928,365",49.71,"$46,964,183",9000000,111928365,46964183,Profit
504,32_3_P,purge_3,The Purge: Election Year,2016,6,55,48,James DeMonaco,5.82,"$10,000,000","$118,587,880",51.73,"$49,293,940",10000000,118587880,49293940,Profit
505,32_4_P,purge_4,The First Purge,2018,5.2,55,28,Gerard McMurray,5.6,"$13,000,000","$137,056,262",54.97,"$55,528,131",13000000,137056262,55528131,Profit
506,32_5_P,purge_5,The Forever Purge,2021,5.4,48,78,Everardo Gout,6,"$18,000,000","$76,994,245",50.18,"$20,497,123",18000000,76994245,20497123,Profit
507,33_1_P,annabelle_1,Annabelle,2014,5.5,28,35,John R. Leonetti,4.79,"$6,500,000","$257,589,952",55.88,"$122,294,976",6500000,257589952,122294976,Profit
508,33_2_P,annabelle_2,Annabelle: Creation,2017,6.5,70,68,David F. Sandberg,6.28,"$15,000,000","$306,592,201",60.65,"$138,296,101",15000000,306592201,138296101,Profit
509,33_3_P,annabelle_3,Annabelle Comes Home,2019,5.9,64,70,Gary Dauberman,5.75,"$30,000,000","$231,252,591",61.63,"$85,626,296",30000000,231252591,85626296,Profit
510,34_1_P,kickass_1,Kick-Ass,2010,7.6,76,81,Matthew Vaughn,7.05,"$30,000,000","$96,188,903",54.22,"$18,094,452",30000000,96188903,18094452,Profit
511,34_2_P,kickass_2,Kick-Ass 2,2013,6.5,33,57,Jeff Wadlow,5.64,"$28,000,000","$60,795,985",49.67,"$2,397,993",28000000,60795985,2397993,Profit
512,35_1_P,raid_1,The Raid: Redemption,2011,7.6,87,87,Gareth Evans,6.29,"$1,100,000","$9,146,689",52.79,"$3,473,345",1100000,9146689,3473345,Profit
513,35_2_P,raid_2,The Raid 2,2014,7.9,83,87,Gareth Evans,6.29,"$4,500,000","$6,554,557",51.51,"-$1,222,722",4500000,6554557,-1222722,Loss
514,36_1_P,sinister_1,Sinister,2012,6.8,64,62,Scott Derrickson,6.35,"$3,000,000","$82,515,113",55,"$38,257,557",3000000,82515113,38257557,Profit
515,36_2_P,sinister_2,Sinister 2,2015,5.3,14,31,Ciarán Foy,5,"$10,000,000","$53,329,150",51.02,"$16,664,575",10000000,53329150,16664575,Profit
516,37_1_P,ted_1,Ted,2012,6.9,69,79,Seth MacFarlane,6.43,"$50,000,000","$549,368,315",49.16,"$224,684,158",50000000,549368315,224684158,Profit
517,37_2_P,ted_2,Ted 2,2015,6.3,44,50,Seth MacFarlane,6.43,"$68,000,000","$215,863,606",51.2,"$39,931,803",68000000,215863606,39931803,Profit
518,38_1_P,grownups_1,Grown Ups,2010,6,10,61,Dennis Dugan,5.73,"$80,000,000","$271,457,606",55.18,"$55,728,803",80000000,271457606,55728803,Profit
519,38_2_P,grownups_2,Grown Ups 2,2013,5.4,8,53,Dennis Dugan,5.73,"$80,000,000","$246,984,278",55.87,"$43,492,139",80000000,246984278,43492139,Profit
520,39_1_P,conjuring_1,The Conjuring,2013,7.5,86,83,James Wan,6.69,"$20,000,000","$321,293,998",59.75,"$140,646,999",20000000,321293998,140646999,Profit
521,39_2_P,conjuring_2,The Conjuring 2,2016,7.3,80,82,James Wan,6.69,"$40,000,000","$322,819,915",58.37,"$121,409,958",40000000,322819915,121409958,Profit
522,39_3_P,conjuring_3,The Conjuring: The Devil Made Me Do It,2021,6.2,56,83,Michael Chaves,5.83,"$39,000,000","$206,444,123",59,"$64,222,062",39000000,206444123,64222062,Profit
523,39_4_P,conjuring_4,The Conjuring: Last Rites,2025,6.2,59,78,Michael Chaves,5.83,"$55,000,000","$494,043,527",52.6,"$192,021,764",55000000,494043527,192021764,Profit
524,40_1_P,jumpstreet_1,21 Jump Street,2012,7.2,85,83,Phil Lord,7.2,"$42,000,000","$201,585,556",59.28,"$58,792,778",42000000,201585556,58792778,Profit
525,40_2_P,jumpstreet_2,22 Jump Street,2014,7,84,77,Phil Lord,7.2,"$50,000,000","$331,333,876",53.95,"$115,666,938",50000000,331333876,115666938,Profit
526,41_1_P,ralph_1,Wreck-It Ralph,2012,7.7,87,86,Rich Moore,7.57,"$165,000,000","$471,222,906",49.41,"$70,611,453",165000000,471222906,70611453,Profit
527,41_2_P,ralph_2,Ralph Breaks the Internet,2018,7,88,67,Phil Johnston,5.85,"$175,000,000","$529,323,962",54.69,"$89,661,981",175000000,529323962,89661981,Profit
528,41_3_P,divergent_1,Divergent,2014,6.6,41,69,Neil Burger,6.56,"$85,000,000","$288,885,818",50.21,"$59,442,909",85000000,288885818,59442909,Profit
529,42_1_P,divergent_2,The Divergent Series: Insurgent,2015,6.2,29,58,Robert Schwentke,6.04,"$110,000,000","$297,002,527",50.23,"$38,501,264",110000000,297002527,38501264,Profit
530,42_2_P,divergent_3,The Divergent Series: Allegiant,2016,5.7,11,41,Robert Schwentke,6.04,"$110,000,000","$179,246,868",53.57,"-$20,376,566",110000000,179246868,-20376566,Loss
531,43_1_P,neighbors_1,Neighbors,2014,6.3,72,63,Nicholas Stoller,6.23,"$18,000,000","$270,665,134",58.82,"$117,332,567",18000000,270665134,117332567,Profit
532,43_2_P,neighbors_2,Neighbors 2: Sorority Rising,2016,5.7,65,44,Nicholas Stoller,6.23,"$35,000,000","$108,007,109",53.53,"$19,003,555",35000000,108007109,19003555,Profit
533,44_1_P,alice_1,Alice in Wonderland,2010,6.4,51,55,Tim Burton,6.97,"$200,000,000","$1,025,468,216",55.06,"$312,734,108",200000000,1025468216,312734108,Profit
534,44_2_P,alice_2,Alice Through the Looking Glass,2016,6.2,29,48,James Bobin,6.45,"$170,000,000","$299,820,798",51.6,"-$20,089,601",170000000,299820798,-20089601,Loss
535,45_1_P,jackreacher_1,Jack Reacher,2012,7,64,67,Christopher McQuarrie,7.25,"$60,000,000","$218,340,595",53.49,"$49,170,298",60000000,218340595,49170298,Profit
536,45_2_P,jackreacher_2,Jack Reacher: Never Go Back,2016,6.2,37,42,Edward Zwick,7.01,"$60,000,000","$162,146,076",52.3,"$21,073,038",60000000,162146076,21073038,Profit
537,46_1_P,huntsman_1,Snow White and the Huntsman,2012,6.1,48,52,Rupert Sanders,5.7,"$170,000,000","$396,592,829",43.4,"$28,296,415",170000000,396592829,28296415,Profit
538,46_2_P,huntsman_2,The Huntsman: Winter’s War,2016,6.1,20,45,Cedric Nicolas-Troyan,6.2,"$115,000,000","$164,989,338",54.3,"-$32,505,331",115000000,164989338,-32505331,Loss
539,47_1_P,smurfs_1,The Smurfs,2011,5.4,21,43,Raja Gosnell,5.02,"$110,000,000","$563,892,376",53.74,"$171,946,188",110000000,563892376,171946188,Profit
540,47_2_P,smurfs_2,The Smurfs 2,2013,5.3,14,56,Raja Gosnell,5.02,"$105,000,000","$347,545,360",53.79,"$68,772,680",105000000,347545360,68772680,Profit
541,48_1_P,red_1,Red,2010,7,72,72,Robert Schwentke,6.04,"$58,000,000","$199,006,387",53.5,"$41,503,194",58000000,199006387,41503194,Profit
542,48_2_P,red_2,RED 2,2013,6.6,44,63,Dean Parisot,6.24,"$84,000,000","$148,075,565",70.2,"-$9,962,218",84000000,148075565,-9962218,Loss
543,49_1_P,lastexorcism_1,The Last Exorcism,2010,5.7,71,35,Daniel Stamm,5.98,"$1,800,000","$69,432,527",44.88,"$32,916,264",1800000,69432527,32916264,Profit
544,49_2_P,lastexorcism_2,The Last Exorcism Part II,2013,4,16,26,Ed Gass-Donnelly,5.23,"$5,000,000","$25,051,865",41.58,"$7,525,933",5000000,25051865,7525933,Profit
545,50_1_P,horriblebosses_1,Horrible Bosses,2011,6.9,69,70,Seth Gordon,5.96,"$35,000,000","$209,838,559",67.26,"$69,919,280",35000000,209838559,69919280,Profit
546,50_2_P,horriblebosses_2,Horrible Bosses 2,2014,6.3,35,47,Sean Anders,6.28,"$42,000,000","$107,645,357",63.17,"$11,822,679",42000000,107645357,11822679,Profit
547,51_1_P,magicmike_1,Magic Mike,2012,6.1,78,60,Steven Soderbergh,6.55,"$7,000,000","$167,282,900",64.11,"$76,641,450",7000000,167282900,76641450,Profit
548,51_2_P,magicmike_2,Magic Mike XXL,2015,5.6,66,55,Gregory Jacobs,5.93,"$14,800,000","$122,613,057",42.89,"$46,506,529",14800000,122613057,46506529,Profit
549,51_3_P,magicmike_3,Magic Mike's Last Dance,2023,5.2,48,73,Steven Soderbergh,6.55,"$40,000,000","$57,105,156",55.94,"-$11,447,422",40000000,57105156,-11447422,Loss
550,52_1_P,paddington_1,Paddington,2014,7.3,96,88,Paul King,7.15,"$55,000,000","$326,113,057",48.86,"$108,056,529",55000000,326113057,108056529,Profit
551,52_2_P,paddington_2,Paddington 2,2017,7.8,99,89,Paul King,7.15,"$40,000,000","$290,132,513",58.06,"$105,066,257",40000000,290132513,105066257,Profit
552,52_3_P,paddington_3,Paddington in Peru,2024,6.6,93,90,Dougal Wilson,6.6,"$90,000,000","$171,436,592",53.44,"-$4,281,704",90000000,171436592,-4281704,Loss
553,53_1_P,ridealong_1,Ride Along,2014,6.1,18,58,Tim Story,5.27,"$25,000,000","$154,468,902",51.28,"$52,234,451",25000000,154468902,52234451,Profit
554,53_2_P,ridealong_2,Ride Along 2,2016,5.9,15,48,Tim Story,5.27,"$40,000,000","$124,608,438",52.4,"$22,304,219",40000000,124608438,22304219,Profit
555,54_1_P,it_1,It,2017,7.3,85,84,Andy Muschietti,6.28,"$35,000,000","$719,766,009",47.87,"$324,883,005",35000000,719766009,324883005,Profit
556,54_2_P,it_2,It Chapter Two,2019,6.5,62,78,Andy Muschietti,6.28,"$79,000,000","$473,123,154",41.67,"$157,561,577",79000000,473123154,157561577,Profit
557,55_1_P,traintobusan_1,Train to Busan,2016,7.6,95,89,Yeon Sang-ho,6.14,"$6,900,000","$93,529,924",35.56,"$39,864,962",6900000,93529924,39864962,Profit
558,55_2_P,traintobusan_2,Train to Busan Presents: Peninsula,2020,5.5,55,76,Yeon Sang-ho,6.14,"$16,000,000","$42,698,327",54.48,"$5,349,164",16000000,42698327,5349164,Profit
559,56_1_P,quietplace_1,A Quiet Place,2018,7.5,96,83,John Krasinski,6.62,"$17,000,000","$340,955,294",43.09,"$153,477,647",17000000,340955294,153477647,Profit
560,56_2_P,quietplace_2,A Quiet Place Part II,2020,7.2,91,92,John Krasinski,6.62,"$61,000,000","$297,372,261",37.72,"$87,686,131",61000000,297372261,87686131,Profit
561,57_1_P,wonderwoman_1,Wonder Woman,2017,7.3,93,83,Patty Jenkins,6.6,"$149,000,000","$823,970,682",62.39,"$262,985,341",149000000,823970682,262985341,Profit
562,57_2_P,wonderwoman_2,Wonder Woman 1984,2020,5.3,58,73,Patty Jenkins,6.6,"$200,000,000","$169,601,036",48.98,"-$115,199,482",200000000,169601036,-115199482,Loss
563,58_1_P,venom_1,Venom,2018,6.6,80,31,Ruben Fleischer,6.2,"$100,000,000","$856,085,161",55.4,"$328,042,581",100000000,856085161,328042581,Profit
564,58_2_P,venom_2,Venom: Let There Be Carnage,2021,5.9,83,58,Andy Serkis,6.6,"$110,000,000","$506,813,864",41.93,"$143,406,932",110000000,506813864,143406932,Profit
565,58_3_P,venom_3,Venom: The Last Dance,2024,6,79,40,Kelly Marcel,6,"$120,000,000","$478,937,618",46.82,"$119,468,809",120000000,478937618,119468809,Profit
566,59_1_P,percyjackson_1,Percy Jackson & the Olympians: The Lightning Thief,2010,5.9,53,48,Chris Columbus,6.54,"$95,000,000","$226,497,209",40.77,"$18,248,605",95000000,226497209,18248605,Profit
567,59_2_P,percyjackson_2,Percy Jackson: Sea of Monsters,2013,5.7,51,42,Thor Freudenthal,6.56,"$90,000,000","$199,850,315",42.28,"$9,925,158",90000000,199850315,9925158,Profit
568,60_1_P,fantasticbeasts_1,Fantastic Beasts and Where to Find Them,2016,7.2,79,74,David Yates,7,"$180,000,000","$816,037,575",55.45,"$228,018,788",180000000,816037575,228018788,Profit
569,60_2_P,fantasticbeasts_2,Fantastic Beasts: The Crimes of Grindelwald,2018,6.5,53,36,David Yates,7,"$200,000,000","$655,755,901",45.04,"$127,877,951",200000000,655755901,127877951,Profit
570,60_3_P,fantasticbeasts_3,Fantastic Beasts: The Secrets of Dumbledore,2022,6.2,83,46,David Yates,7,"$200,000,000","$407,150,844",49.23,"$3,575,422",200000000,407150844,3575422,Profit
571,61_1_P,blackpanther_1,Black Panther,2018,7.3,79,96,Ryan Coogler,7.32,"$200,000,000","$1,349,926,083",51.68,"$474,963,042",200000000,1349926083,474963042,Profit
572,61_2_P,blackpanther_2,Black Panther: Wakanda Forever,2022,6.6,93,84,Ryan Coogler,7.32,"$250,000,000","$859,208,836",51.7,"$179,604,418",250000000,859208836,179604418,Profit
573,63_1_P,wimpykid_1,Diary of a Wimpy Kid,2010,6.3,50,54,Thor Freudenthal,6.56,"$15,000,000","$76,196,538",44.33,"$23,098,269",15000000,76196538,23098269,Profit
574,63_2_P,wimpykid_2,Diary of a Wimpy Kid: Rodrick Rules,2011,6.6,62,48,David Bowers,6.18,"$21,000,000","$72,526,996",48.56,"$15,263,498",21000000,72526996,15263498,Profit
575,63_3_P,wimpykid_3,Diary of a Wimpy Kid: Dog Days,2012,6.3,63,52,David Bowers,6.18,"$22,000,000","$77,229,695",52.92,"$16,614,848",22000000,77229695,16614848,Profit
576,63_4_P,wimpykid_4,Diary of a Wimpy Kid: The Long Haul,2017,4.3,29,19,David Bowers,6.18,"$22,000,000","$40,140,972",33.83,"-$1,929,514",22000000,40140972,-1929514,Loss
577,64_1_P,titans_1,Clash of the Titans,2010,5.8,40,27,Louis Leterrier,6.54,"$125,000,000","$493,214,993",56.12,"$121,607,497",125000000,493214993,121607497,Profit
578,64_2_P,titans_2,Wrath of the Titans,2012,5.7,50,0,Jonathan Liebesman,5.6,"$150,000,000","$301,970,083",54.35,"$985,042",150000000,301970083,985042,Profit
579,65_1_P,pussinboots_1,Puss in Boots,2011,6.6,73,86,Chris Miller,5.67,"$130,000,000","$130,000,000",51.9,"-$65,000,000",130000000,130000000,-65000000,Loss
580,65_2_P,pussinboots_2,Puss in Boots: The Last Wish,2022,7.8,94,95,Joel Crawford,7.35,"$90,000,000","$480,466,413",59.22,"$150,233,207",90000000,480466413,150233207,Profit
581,66_1_P,trolls_1,Trolls,2016,6.4,67,75,Walt Dohrn,6.17,"$125,000,000","$347,337,803",51.79,"$48,668,902",125000000,347337803,48668902,Profit
582,66_2_P,trolls_2,Trolls World Tour,2020,6.1,59,71,Walt Dohrn,6.17,"$90,000,000","$49,276,818",48.76,"-$65,361,591",90000000,49276818,-65361591,Loss
583,66_3_P,trolls_3,Trolls Band Together,2023,6,88,82,Walt Dohrn,6.17,"$95,000,000","$210,231,405",46.4,"$10,115,703",95000000,210231405,10115703,Profit
584,67_1_P,bossbaby_1,The Boss Baby,2017,6.3,51,53,Tom McGrath,6.65,"$125,000,000","$527,965,936",58.19,"$138,982,968",125000000,527965936,138982968,Profit
585,67_2_P,bossbaby_2,The Boss Baby: Family Business,2021,5.9,89,46,Tom McGrath,6.65,"$82,000,000","$146,745,280",59.87,"-$8,627,360",82000000,146745280,-8627360,Loss
586,1_1_R,dune_1,Dune: Part One,2021,8,83,90,Denis Villeneuve,7.52,"$165,000,000","$410,668,018",51.34,"$40,334,009",165000000,410668018,40334009,Profit
587,1_2_R,dune_2,Dune: Part Two,2024,8.5,92,95,Denis Villeneuve,7.52,"$190,000,000","$714,844,358",45.37,"$167,422,179",190000000,714844358,167422179,Profit
588,2_1_R,sonic_1,Sonic the Hedgehog,2020,6.5,64,93,Jeff Fowler,6.63,"$85,000,000","$319,715,683",42.31,"$74,857,842",85000000,319715683,74857842,Profit
589,2_2_R,sonic_2,Sonic the Hedgehog 2,2022,6.5,69,96,Jeff Fowler,6.63,"$110,000,000","$405,421,518",50.02,"$92,710,759",110000000,405421518,92710759,Profit
590,2_3_R,sonic_3,Sonic the Hedgehog 3,2024,6.9,85,95,Jeff Fowler,6.63,"$122,000,000","$492,162,604",59.01,"$124,081,302",122000000,492162604,124081302,Profit
591,3_1_R,smile_1,Smile 1,2022,6.5,79,77,Parker Finn,6.6,"$17,000,000","$217,408,513",50.61,"$91,704,257",17000000,217408513,91704257,Profit
592,3_2_R,smile_2,Smile 2,2024,6.7,86,81,Parker Finn,6.6,"$28,000,000","$138,128,854",42.88,"$41,064,427",28000000,138128854,41064427,Profit
593,4_1_R,ghostbusters_1,Ghostbusters: Afterlife,2021,7,63,94,Jason Reitman,6.9,"$75,000,000","$204,445,747",28.99,"$27,222,874",75000000,204445747,27222874,Profit
594,4_2_R,ghostbusters_2,Ghostbusters: Frozen Empire,2024,6.1,42,81,Gil Kenan,6.16,"$100,000,000","$201,967,521",50.4,"$983,761",100000000,201967521,983761,Profit
595,5_1_R,threemusketeers_1,The Three Musketeers: Part I – D’Artagnan,2023,6.7,98,80,Martin Bourboulon,6.37,"$41,000,000","$32,407,471",41.15,"-$24,796,265",41000000,32407471,-24796265,Loss
596,5_2_R,threemusketeers_2,The Three Musketeers: Part II – Milady,2023,6.4,86,71,Martin Bourboulon,6.37,"$41,000,000","$15,439,299",42.27,"-$33,280,351",41000000,15439299,-33280351,Loss
597,6_1_R,blackphone_1,The Black Phone,2021,6.9,83,88,Scott Derrickson,6.35,"$18,000,000","$161,440,742",36.47,"$62,720,371",18000000,161440742,62720371,Profit
598,6_2_R,blackphone_2,Black Phone 2,2025,6.2,71,83,Scott Derrickson,6.35,"$30,000,000","$130,175,597",45.14,"$35,087,799",30000000,130175597,35087799,Profit
599,7_1_R,m3gan_1,M3GAN,2022,6.3,93,78,Gerard Johnstone,6.33,"$12,000,000","$180,089,109",39.11,"$78,044,555",12000000,180089109,78044555,Profit
600,7_2_R,m3gan_2,M3GAN 2.0,2025,6,58,81,Gerard Johnstone,6.33,"$25,000,000","$39,083,589",52.43,"-$5,458,206",25000000,39083589,-5458206,Loss